year_month,total_credit,total_debit,ending_balance,transaction_count,net_savings,year,month,savings_rate,expense_ratio,savings_to_debit_ratio,total_credit_lag_1,total_credit_lag_2,total_credit_lag_3,total_credit_lag_12,total_debit_lag_1,total_debit_lag_2,total_debit_lag_3,total_debit_lag_12,ending_balance_lag_1,ending_balance_lag_2,ending_balance_lag_3,ending_balance_lag_12,net_savings_lag_1,net_savings_lag_2,net_savings_lag_3,net_savings_lag_12,total_credit_rollmean_3m,total_credit_rollstd_3m,total_credit_rollmean_6m,total_credit_rollstd_6m,total_debit_rollmean_3m,total_debit_rollstd_3m,total_debit_rollmean_6m,total_debit_rollstd_6m,ending_balance_rollmean_3m,ending_balance_rollstd_3m,ending_balance_rollmean_6m,ending_balance_rollstd_6m,net_savings_rollmean_3m,net_savings_rollstd_3m,net_savings_rollmean_6m,net_savings_rollstd_6m,credit_growth_mom,debit_growth_mom,balance_growth_mom,credit_growth_yoy,debit_growth_yoy,emergency_fund_ratio,liquid_wealth_ratio,spend_savings,spend_amazon,spend_groceries,spend_bills,spend_cash,spend_dine_out,spend_supplementary_income,spend_travel,spend_other_shopping,spend_entertainment,spend_savings_to_income,spend_amazon_to_income,spend_groceries_to_income,spend_bills_to_income,spend_cash_to_income,spend_dine_out_to_income,spend_supplementary_income_to_income,spend_travel_to_income,spend_other_shopping_to_income,spend_entertainment_to_income,month_sin,month_cos,trend_index
2015-01,14.38,4417.28,9523.29,36,-4402.9,2015,1,-306.1819845744196,307.1819838790098,-0.9967446007571524,0.0,0.0,0.0,0.0,0.0,0.0,0.0,0.0,0.0,0.0,0.0,0.0,0.0,0.0,0.0,0.0,0.0,0.0,0.0,0.0,0.0,0.0,0.0,0.0,0.0,0.0,0.0,0.0,0.0,0.0,0.0,0.0,0.0,0.0,0.0,0.0,0.0,0.0,0.0,903.96,46.839999999999996,0.0,643.77,0.0,0.0,0.0,497.96,0.0,0.0,62.862265047103584,3.2572995429071328,0.0,44.768397240335716,0.0,0.0,0.0,34.62862682292988,0.0,0.0,0.49999999999999994,0.8660254037844387,0
2015-02,5.23,2402.46,9511.31,26,-2397.23,2015,2,-458.3605002667299,459.36049835468765,-0.997823060538685,14.38,0.0,0.0,0.0,4417.28,0.0,0.0,0.0,9523.29,0.0,0.0,0.0,-4402.9,0.0,0.0,0.0,0.0,0.0,0.0,0.0,0.0,0.0,0.0,0.0,0.0,0.0,0.0,0.0,0.0,0.0,0.0,0.0,-0.6362999747566239,-0.45612231858491575,-0.0012579686208675463,0.0,0.0,0.0,0.0,303.34,113.05,0.0,92.57,50.0,0.0,0.0,0.0,0.0,0.0,57.99988910155047,21.615637446199912,0.0,17.699774952629152,9.560211165944233,0.0,0.0,0.0,0.0,0.0,0.8660254037844386,0.5000000000000001,1
2015-03,590.6899999999999,3283.41,9204.38,29,-2692.72,2015,3,-4.5586008810272585,5.558600864097905,-0.8200986144889044,5.23,14.38,0.0,0.0,2402.46,4417.28,0.0,0.0,9511.31,9523.29,0.0,0.0,-2397.23,-4402.9,0.0,0.0,203.4333333333333,335.40531455737744,0.0,0.0,3367.7166666666667,1010.0522850988126,0.0,0.0,9412.993333333334,180.76371935024255,0.0,0.0,-3164.283333333333,1082.800544991243,0.0,0.0,111.9424245842742,0.36668664466136097,-0.03227000273120109,0.0,0.0,2.7331218400208193,45.245188665646964,303.44,179.44,266.6,280.57,425.0,0.0,0.0,0.0,0.0,0.0,0.5137043032097327,0.30378031956220153,0.45133656484219203,0.47498687170957915,0.7194975245983931,0.0,0.0,0.0,0.0,0.0,1.0,6.123233995736766e-17,2
2015-04,0.0,288.13,9193.81,13,-288.13,2015,4,-28812999.999999996,28812999.999999996,-0.9999999652934453,590.6899999999999,5.23,14.38,0.0,3283.41,2402.46,4417.28,0.0,9204.38,9511.31,9523.29,0.0,-2692.72,-2397.23,-4402.9,0.0,198.64,339.5353296786654,0.0,0.0,1991.3333333333333,1539.381181395087,0.0,0.0,9303.166666666666,180.33487359169501,0.0,0.0,-1792.6933333333334,1311.3396596737748,0.0,0.0,-0.9999999830706465,-0.912246716333791,-0.0011483663200037425,0.0,0.0,4.616911593822004,46.283777371940324,2.2,39.37,152.56,0.0,0.0,0.0,0.0,94.0,0.0,0.0,220000.0,3936999.9999999995,15255999.999999998,0.0,0.0,0.0,0.0,9400000.0,0.0,0.0,0.8660254037844387,-0.4999999999999998,3
2015-05,0.0,155.74,8323.37,18,-155.74,2015,5,-15574000.0,15574000.0,-0.999999935790424,0.0,590.6899999999999,5.23,0.0,288.13,3283.41,2402.46,0.0,9193.81,9204.38,9511.31,0.0,-288.13,-2692.72,-2397.23,0.0,196.89666666666665,341.03503050762004,0.0,0.0,1242.4266666666665,1768.7824917816588,0.0,0.0,8907.186666666666,505.62768558824973,0.0,0.0,-1045.53,1428.0433992354706,0.0,0.0,0.0,-0.4594800798431236,-0.09467674435878394,0.0,0.0,6.699284679181995,42.27278053093262,4.890000000000001,94.29,21.0,0.0,0.0,0.0,0.0,0.0,0.0,0.0,489000.0,9429000.0,2100000.0,0.0,0.0,0.0,0.0,0.0,0.0,0.0,0.49999999999999994,-0.8660254037844387,4
2015-06,0.0,68.36,8318.64,9,-68.36,2015,6,-6835999.999999999,6835999.999999999,-0.9999998537156445,0.0,0.0,590.6899999999999,0.0,155.74,288.13,3283.41,0.0,8323.37,9193.81,9204.38,0.0,-155.74,-288.13,-2692.72,0.0,0.0,0.0,101.71666666666665,239.6126589866793,170.74333333333334,110.65052296909896,1769.2299999999998,1865.2536586105387,8611.94,503.91975144857633,9012.466666666667,554.2113208034145,-170.74333333333334,110.65052296908094,-1667.5133333333333,1778.2757780689321,0.0,-0.5610632746203111,-0.0005682794342097717,0.0,0.0,48.72014239383817,831863999.9999999,3.71,45.2,15.46,3.99,0.0,0.0,0.0,0.0,0.0,0.0,370999.99999999994,4520000.0,1546000.0,399000.0,0.0,0.0,0.0,0.0,0.0,0.0,1.2246467991473532e-16,-1.0,5
2015-07,3608.82,2263.65,8914.52,33,1345.17,2015,7,0.3727451067863038,0.6272548904427073,0.5942482247951395,0.0,0.0,0.0,0.0,68.36,155.74,288.13,0.0,8318.64,8323.37,9193.81,0.0,-68.36,-155.74,-288.13,0.0,1202.94,2083.553198456905,700.79,1444.0141326732228,829.25,1242.9949059026758,1410.2916666666667,1403.9314816530994,8518.843333333334,342.6742062562164,8911.005,494.4971573932433,373.69000000000005,842.4600043325485,-709.5016666666667,1542.629329701943,360882000.0,32.1136582630693,0.07163190128238295,0.0,0.0,10.750099357852285,7.4106106089197255,5.37,122.28999999999999,316.51,0.0,548.0,0.0,0.0,33.5,208.38,0.0,0.0014880210110561872,0.03388642261490896,0.0877045680091981,0.0,0.1518501888377636,0.0,0.0,0.009282812638804892,0.05774186560221383,0.0,-0.4999999999999997,-0.8660254037844388,6
2015-08,3043.03,723.43,8912.35,48,2319.6000000000004,2015,8,0.7622665541836047,0.23773344253019701,3.206391728206023,3608.82,0.0,0.0,0.0,2263.65,68.36,155.74,0.0,8914.52,8318.64,8323.37,0.0,1345.17,-68.36,-155.74,0.0,2217.2833333333333,1940.950441467616,1207.0900000000001,1666.7411581166407,1018.48,1126.9939764257845,1130.4533333333334,1332.1142606047977,8715.17,343.4067674056481,8811.178333333333,400.61970223225956,1198.8033333333335,1200.6896523387427,76.63666666666677,1703.9645154364769,-0.15677977799729612,-0.6804143720079766,-0.00024342308924830971,0.0,0.0,8.750638120035365,4.019490800215771,9.47,140.1,0.0,27.78,200.0,83.25,0.0,35.2,18.61,0.0,0.003112029775874606,0.04603963797254828,0.0,0.009129058835670174,0.06572396569956929,0.027357600722445714,0.0,0.011567417963124195,0.006115615008344922,0.0,-0.8660254037844385,-0.5000000000000004,7
2015-09,3472.32,738.78,8847.52,41,2733.54,2015,9,0.7872373491290049,0.2127626479910761,3.7000730433948803,3043.03,3608.82,0.0,0.0,723.43,2263.65,68.36,0.0,8912.35,8914.52,8318.64,0.0,2319.6000000000004,1345.17,-68.36,0.0,3374.7233333333334,295.25144035776276,1687.3616666666667,1857.8203998709528,1241.9533333333334,884.8485546314324,706.3483333333334,813.8350326550627,8891.463333333333,38.07150684346359,8751.701666666668,354.39217030948106,2132.7700000000004,712.7916251612363,981.0133333333333,1341.632691427377,0.1410732061758405,0.021218362229678617,-0.007274175714290638,0.0,0.0,7.123874699071828,2.6217023144957987,8.67,163.29,0.0,45.45,50.0,0.0,0.0,0.0,100.89999999999999,0.0,0.0024968896803955576,0.04702619560689626,0.0,0.013089231369547647,0.014399594465949005,0.0,0.0,0.0,0.02905838163228509,0.0,-1.0,-1.8369701987210297e-16,8
2015-10,3068.67,1696.08,8646.23,59,1372.59,2015,10,0.4472914961618828,0.5527085005793764,0.8092719635319563,3472.32,3043.03,3608.82,0.0,738.78,723.43,2263.65,0.0,8847.52,8912.35,8914.52,0.0,2733.54,2319.6000000000004,1345.17,0.0,3194.6733333333336,240.79058543334608,2198.806666666667,1717.4894806276593,1052.7633333333333,557.1814388808506,941.0066666666667,870.162318091669,8802.033333333333,138.76866084722042,8660.438333333334,280.59207753723933,2141.9100000000003,697.6578872914693,1257.8,1190.1960952548957,-0.11624792612360635,1.2957849252039184,-0.022751008166411693,0.0,0.0,8.212890441857235,2.7064519814030477,5.1,150.84,256.11,37.78,542.86,40.48,0.0,70.5,171.39,0.0,0.001661957780856339,0.049154845424386306,0.08345960926570921,0.012311522541324017,0.17690400017954358,0.013191382542953843,0.0,0.022974122264778803,0.05585155765901332,0.0,-0.8660254037844386,0.5000000000000001,9
2015-11,3239.16,1022.08,8462.87,52,2217.08,2015,11,0.684461401460683,0.31553859545209684,2.1691843870422627,3068.67,3472.32,3043.03,0.0,1696.08,738.78,723.43,0.0,8646.23,8847.52,8912.35,0.0,1372.59,2733.54,2319.6000000000004,0.0,3260.0499999999997,202.63421404096644,2738.6666666666665,1359.981026598043,1152.3133333333333,491.7584400224718,1085.3966666666668,781.1210679700471,8652.206666666667,192.39463618648125,8683.688333333334,251.33021301997158,2107.7366666666667,687.0321673934415,1653.2699999999998,1006.6357223146816,0.055558270991803306,-0.3973869133685503,-0.02120693062617227,0.0,0.0,7.3442436894110665,2.5959325697583395,16.19,342.39,12.25,37.78,70.0,5.25,0.0,26.1,69.02,0.0,0.004998209396886201,0.10570333016676134,0.0037818446641047533,0.011663517666112457,0.021610540937741448,0.0016207905703306087,0.0,0.008057644549643597,0.021307993364613066,0.0,-0.5000000000000004,0.8660254037844384,10
2015-12,4739.91,989.33,12250.54,61,3750.58,2015,12,0.7912766259459006,0.20872337194435472,3.7910302549095825,3239.16,3068.67,3472.32,0.0,1022.08,1696.08,738.78,0.0,8462.87,8646.23,8847.52,0.0,2217.08,1372.59,2733.54,0.0,3682.58,919.6340341135707,3528.6516666666666,633.7134889338126,1235.83,398.9244132664753,1238.8916666666667,613.8813479954143,9786.546666666667,2135.8493819633795,9339.005000000001,1437.2449550824663,2446.75,1205.516628545619,2289.76,902.2815132540403,0.46331456160450685,-0.03204250125193232,0.44756329655593985,0.0,0.0,9.91280346072839,3.326618828846573,10.3,378.4,54.99,37.78,140.0,28.99,0.0,127.7,84.7,26.0,0.0021730370362031412,0.07983273927177365,0.011601486079690363,0.007970615459005308,0.029536425734799976,0.006116149871798937,0.0,0.026941439759528264,0.017869537569553985,0.005485336207891424,-2.4492935982947064e-16,1.0,11
2016-01,3391.26,14506.93,15159.66,120,-11115.67,2016,1,-3.2777404171967337,4.277740414247977,-0.7662317245852626,4739.91,3239.16,3068.67,14.38,989.33,1022.08,1696.08,4417.28,12250.54,8462.87,8646.23,9523.29,3750.58,2217.08,1372.59,-4402.9,3790.11,826.0590974621612,3492.3916666666664,634.4327723381458,5506.113333333334,7794.953087789132,3279.4383333333335,5511.659984561517,11957.690000000002,3357.985991319804,10379.861666666666,2739.631610822278,-1716.0033333333333,8176.380962616244,212.95333333333323,5603.661432997775,-0.2845307183374141,13.663388215626856,0.2374687154709353,234.83154740504352,2.284131858781577,2.7532415434845605,3.9997941906704706,2707.34,172.97,0.0,2129.1,200.0,0.0,0.0,1591.79,16.62,0.0,0.7983286424564066,0.05100464119234549,0.0,0.627819746560807,0.058975130013696586,0.0,0.0,0.4693801110225104,0.004900833304138186,0.0,0.49999999999999994,0.8660254037844387,12
2016-02,6670.639999999999,1023.21,14994.22,45,5647.429999999999,2016,2,0.846609919218231,0.15339007928266243,5.519326379537667,3391.26,4739.91,3239.16,5.23,14506.93,989.33,1022.08,2402.46,15159.66,12250.54,8462.87,9511.31,-11115.67,3750.58,2217.08,-2397.23,4933.9366666666665,1648.2772996778583,4096.993333333333,1394.1737497122317,5506.490000000001,7794.628093039461,3329.4016666666666,5485.150656291645,14134.806666666665,1633.918067631734,11393.506666666668,3178.1051598565255,-572.5533333333336,9179.732663091738,767.5916666666662,6004.247524142944,0.9670093093215812,-0.9294675021321069,-0.010913173507246784,1274.454542151927,-0.5740990460856827,2.723008663008543,3.038997251608424,7.0,317.83,0.0,27.99,320.0,0.0,0.0,146.1,116.92,0.0,0.001049374571181514,0.04764610285123152,0.0,0.004195999178195796,0.04797140896829779,0.0,0.0,0.02190194640708846,0.017527553551791804,0.0,0.8660254037844386,0.5000000000000001,13
2016-03,3234.66,4491.49,15581.27,93,-1256.83,2016,3,-0.38855088204463256,1.3885508789531174,-0.2798247345984857,6670.639999999999,3391.26,4739.91,590.6899999999999,1023.21,14506.93,989.33,3283.41,14994.22,15159.66,12250.54,9204.38,5647.429999999999,-11115.67,3750.58,-2692.72,4432.1866666666665,1940.1381095513104,4057.3833333333328,1418.6324762765953,6673.876666666667,7001.770128455612,3954.853333333334,5342.777902210298,15245.050000000001,302.69706754461805,12515.798333333332,3286.330602793437,-2241.69,8424.83485400159,102.52999999999975,5963.797947083721,-0.515090005584037,3.3896071833777306,0.03915175311609964,4.476070282617443,0.36793455472227177,2.334665555699513,3.515481439901415,612.44,526.94,241.45,630.94,290.0,0.0,0.0,177.14999999999998,18.21,0.0,0.1893367457805867,0.16290429237414664,0.07464463011678311,0.1950560485644363,0.08965393553061547,0.0,0.0,0.05476618854913286,0.005629648848318992,0.0,1.0,6.123233995736766e-17,14
2016-04,3582.43,3868.83,15557.07,82,-286.4000000000001,2016,4,-0.07994573493426047,1.0799457321428592,-0.07402754818891619,3234.66,6670.639999999999,3391.26,0.0,4491.49,1023.21,14506.93,288.13,15581.27,14994.22,15159.66,9193.81,-1256.83,5647.429999999999,-11115.67,-288.13,4495.91,1891.3814852905798,4143.009999999999,1361.368838397588,3127.843333333333,1849.0639441980743,4316.9783333333335,5231.537336395169,15377.519999999999,332.16799589983555,13667.605000000001,2839.5657003897636,1368.0666666666664,3737.6659160809622,-173.9683333333336,5931.508002851945,0.10751361779131773,-0.1386310553098614,-0.0015531468220799241,358242999.99999994,12.427376100115362,4.973736946627537,3.4602716614427966,312.74,355.5,262.9,242.56,480.0,56.35,0.0,17.380000000000003,38.92,0.0,0.08729828611501611,0.09923431832796643,0.07338594173958474,0.06770823137449097,0.13398726525295046,0.015729546660424497,0.0,0.0048514555627005825,0.010864134090926734,0.0,0.8660254037844387,-0.4999999999999998,15
2016-05,4445.37,2292.96,14953.92,54,2152.41,2016,5,0.4841914160481773,0.5158085817022913,0.9387036802268521,3582.43,3234.66,6670.639999999999,0.0,3868.83,4491.49,1023.21,155.74,15557.07,15581.27,14994.22,8323.37,-286.4000000000001,-1256.83,5647.429999999999,-155.74,3754.153333333333,623.3549177100751,4344.044999999999,1288.3021299796092,3551.0933333333337,1133.1817957562405,4528.791666666667,5095.410098668865,15364.086666666664,355.42077996854124,14749.446666666669,1253.6920150286821,203.05999999999995,1756.5328528382274,-184.7466666666669,5926.350697050139,0.2408811889112106,-0.40732469401001153,-0.03877015399508379,444536999.99999994,13.722998990432838,4.211074887139712,3.983300263042088,10.52,176.97,0.0,27.99,420.0,59.25,0.0,1077.62,21.82,0.0,0.0023665071695572987,0.03980995948636456,0.0,0.006296438752462812,0.09448032425989215,0.013328474315234786,0.0,0.24241401673558327,0.004908477798454398,0.0,0.49999999999999994,-0.8660254037844387,16
2016-06,3635.63,2736.04,14771.31,56,899.5900000000001,2016,6,0.2474371697685486,0.7525628274808964,0.3287927065072415,4445.37,3582.43,3234.66,0.0,2292.96,3868.83,4491.49,68.36,14953.92,15557.07,15581.27,8318.64,2152.41,-286.4000000000001,-1256.83,-68.36,3887.81,483.59324354254704,4159.998333333333,1299.2702222003954,2965.943333333333,812.7011881579483,4819.91,4898.850696083725,15094.1,411.20860727872576,15169.574999999999,333.3511423559423,921.8666666666667,1219.5576007033592,-659.9116666666669,5655.8370254469555,-0.18215356611001204,0.19323494438090957,-0.012211513762136313,363563000.0,39.023984929200566,4.980307541343313,3.7993909069646126,7.47,272.18,235.83,163.43,200.0,0.0,0.0,374.34,16.83,0.0,0.002054664522917171,0.07486460372792444,0.06486633660502764,0.04495231900674073,0.05501109833780913,0.0,0.0,0.10296427275887733,0.004629183925126638,0.0,1.2246467991473532e-16,-1.0,17
2016-07,4111.49,2528.43,14729.92,59,1583.06,2016,7,0.3850331622233469,0.6149668353444449,0.6261039434506632,3635.63,4445.37,3582.43,3608.82,2736.04,2292.96,3868.83,2263.65,14771.31,14953.92,15557.07,8914.52,899.5900000000001,2152.41,-286.4000000000001,1345.17,4064.1633333333325,406.93927917237784,4280.036666666666,1246.2306990227228,2519.1433333333334,221.68593377420987,2823.4933333333333,1224.1027555669762,14818.383333333333,119.18860697834579,15097.951666666666,378.95480497900826,1545.0199999999998,627.2756724917672,1456.543333333333,2398.925228611069,0.13088790627514918,-0.07587973832297873,-0.002802053438183809,0.13928929639247914,0.11697037917977422,5.847194062609137,3.624342516686069,13.469999999999999,282.29,231.6,27.99,420.0,0.0,0.0,1163.84,72.81,0.0,0.0032761845382667,0.068658807224002,0.05632994350872812,0.0068077509447724525,0.10215274729562095,0.0,0.0,0.2830701271727035,0.017708908406176574,0.0,-0.4999999999999997,-0.8660254037844388,18
2016-08,3285.62,2472.79,14716.89,73,812.8299999999999,2016,8,0.24739014174679314,0.7526098552096412,0.32870967478552693,4111.49,3635.63,4445.37,3043.03,2528.43,2736.04,2292.96,723.43,14729.92,14771.31,14953.92,8912.35,1583.06,899.5900000000001,2152.41,2319.6000000000004,3677.58,414.53005451957466,3715.866666666667,475.31216103384907,2579.0866666666666,138.7433386989913,3065.09,897.0949595890045,14739.373333333331,28.414929763016893,15051.729999999998,409.79575434600525,1098.4933333333333,421.88323649243694,650.7766666666665,1243.3412675796903,-0.2008687843072249,-0.022005750517096526,-0.0008845940773035233,0.07971988419529247,2.4181468501700674,5.706240946900165,4.00178649002391,8.209999999999999,589.63,368.5,27.99,390.0,0.0,0.0,400.4,17.32,0.0,0.0024987673483276595,0.1794577578068743,0.11215539194381763,0.00851894008278821,0.11869905795953561,0.0,0.0,0.12186436617178989,0.005271455599638864,0.0,-0.8660254037844385,-0.5000000000000004,19
2016-09,3202.4300000000003,1883.24,14628.8,56,1319.1900000000005,2016,9,0.41193406128491794,0.5880659355924533,0.7004895780649862,3285.62,4111.49,3635.63,3472.32,2472.79,2528.43,2736.04,738.78,14716.89,14729.92,14771.31,8847.52,812.8299999999999,1583.06,899.5900000000001,2733.54,3533.1800000000003,502.5554557459321,3710.4950000000003,481.9735424170096,2294.82,357.5227610936275,2630.3816666666667,671.151441134313,14691.87,55.007398594217136,14892.985,342.6135212013844,1238.3600000000001,391.4251906814377,1080.1133333333335,828.4106334099482,-0.025319422132445438,-0.23841490689296335,-0.005985639624957702,-0.0777261310082995,1.5491215037071728,6.374704742094347,4.140406081375966,8.559999999999999,626.16,194.15,27.99,230.0,20.3,0.0,230.6,52.68,0.0,0.0026729702048976234,0.19552652143676355,0.06062583706552262,0.008740237854565944,0.07182046111290344,0.006338936350399739,0.0,0.0720078188375458,0.016450008223598926,0.0,-1.0,-1.8369701987210297e-16,20
2016-10,4287.79,2581.6,17795.56,46,1706.19,2016,10,0.39791827398748947,0.6020817236803069,0.6609040879264638,3202.4300000000003,3285.62,4111.49,3068.67,1883.24,2472.79,2528.43,1696.08,14628.8,14716.89,14729.92,8646.23,1319.1900000000005,812.8299999999999,1583.06,1372.59,3591.9466666666667,604.0518209833779,3828.0550000000003,528.2876544364824,2312.5433333333335,375.74714640745356,2415.843333333333,298.22356799331874,15713.75,1803.4382770419743,15266.066666666666,1243.8418941274967,1279.4033333333334,448.0069826836778,1412.2116666666668,508.76288624139215,0.3389176333630472,0.37082899486614024,0.21647435181527253,0.39727960192109407,0.5220980111663482,7.695233065058673,4.954294036601432,6.66,181.99,0.0,27.99,1381.22,0.0,0.0,727.9000000000001,105.63,14.6,0.0015532477067364595,0.04244377629864388,0.0,0.006527838335068092,0.32212864827305293,0.0,0.0,0.16976111197199234,0.024635068357743574,0.003405017495248094,-0.8660254037844386,0.5000000000000001,21
2016-11,3267.59,2251.22,16661.38,62,1016.3700000000003,2016,11,0.3110457544825216,0.6889542424571189,0.45147519810824727,4287.79,3202.4300000000003,3285.62,3239.16,2581.6,1883.24,2472.79,1022.08,17795.56,14628.8,14716.89,8462.87,1706.19,1319.1900000000005,812.8299999999999,2217.08,3585.936666666667,608.6953528106935,3631.758333333333,468.4630504283854,2238.6866666666665,349.3486592694248,2408.8866666666668,302.1246893364818,16361.913333333336,1604.4788679610172,15550.643333333333,1349.0199234506063,1347.2500000000002,345.76499360114445,1222.8716666666667,370.917136536817,-0.23793142798987021,-0.12797489879154444,-0.0637338751555254,0.00877696684085708,1.2025868698870257,7.442479634893913,4.646311829323128,8.34,691.16,322.65,31.48,770.0,0.0,0.0,148.57,37.28,0.0,0.0025523397900215758,0.2115198044689823,0.09874249799166204,0.00963401158152029,0.23564767845522944,0.0,0.0,0.04546776050401745,0.011409020068585653,0.0,-0.5000000000000004,0.8660254037844384,22
2016-12,4861.01,863.0,18726.72,47,3998.01,2016,12,0.8224648770060855,0.17753512093672896,4.632688242958421,3267.59,4287.79,3202.4300000000003,4739.91,2251.22,2581.6,1883.24,989.33,16661.38,17795.56,14628.8,12250.54,1016.3700000000003,1706.19,1319.1900000000005,3750.58,4138.796666666666,807.0911250492936,3835.9883333333332,686.7420856308917,1898.6066666666666,911.9477025210089,2096.713333333333,656.4175168188812,17727.88666666667,1034.3317112674665,16209.878333333334,1787.2790272413201,2240.19,1560.9007887755063,1739.2750000000003,1156.2651017781368,0.487643797148223,-0.6166523013448161,0.12395971994879193,0.025549008260602055,-0.1276924774575473,9.863401530262186,4.52467745167957,8.15,331.32,0.0,31.48,320.0,0.0,0.0,72.6,52.41,0.0,0.0016766062985334195,0.06815867470307883,0.0,0.006476020402187981,0.0658299405559134,0.0,0.0,0.014935167763622852,0.01078170995167319,0.0,-2.4492935982947064e-16,1.0,23
2017-01,3281.35,11792.21,18386.54,85,-8510.859999999999,2017,1,-2.5937068505532572,3.593706847505731,-0.7217357893713428,4861.01,3267.59,4287.79,3391.26,863.0,2251.22,2581.6,14506.93,18726.72,16661.38,17795.56,15159.66,3998.01,1016.3700000000003,1706.19,-11115.67,3803.316666666667,916.0151335722215,3697.6316666666667,703.5539169222695,4968.81,5949.863810382553,3640.6766666666663,4041.478924030986,17924.88,1107.3638948422313,16819.315000000002,1805.0447443069136,-1165.4933333333327,6533.632440934624,56.95500000000023,4353.031261673869,-0.3249653871829818,12.664206110495872,-0.018165487593040607,-0.03240978269902705,-0.18713263234389874,3.7003910318559354,4.834343696069631,2106.38,87.76,210.85,1146.24,520.0,0.0,0.0,334.9,18.82,20.0,0.6419248155730879,0.02674508959195121,0.06425708911192926,0.3493196387178459,0.15847136038986587,0.0,0.0,0.1020616511433963,0.0057354442356486075,0.006095052322687149,0.49999999999999994,0.8660254037844387,24
2017-02,3805.26,4631.05,14073.21,52,-825.79,2017,2,-0.21701276596865188,1.2170127633407104,-0.17831593228681197,3281.35,4861.01,3267.59,6670.639999999999,11792.21,863.0,2251.22,1023.21,18386.54,18726.72,16661.38,14994.22,-8510.859999999999,3998.01,1016.3700000000003,5647.429999999999,3982.5400000000004,804.613309422608,3784.2383333333332,674.0573457033662,5762.086666666667,5551.697106474138,4000.3866666666668,4012.687175336081,17062.156666666666,2594.086012497171,16712.035,1966.8645324348122,-1779.5466666666662,6308.739652548149,-216.14833333333317,4347.523087020547,0.1596629431189513,-0.6072788725715714,-0.23459171750933477,-0.4295509869674409,3.5260014706071923,2.442380823077321,3.5337272104392485,605.24,138.1,0.0,562.5,626.0,3.1,0.0,0.0,16.83,0.0,0.15905352023500752,0.03629186957976099,0.0,0.1478216990486282,0.16450912640789556,0.0008146618080902176,0.0,0.0,0.004422825235534955,0.0,0.8660254037844386,0.5000000000000001,25
2017-03,5238.889999999999,6737.4,17133.86,99,-1498.5100000000002,2017,3,-0.28603578184303213,1.2860357799342308,-0.2224166589152839,3805.26,3281.35,4861.01,3234.66,4631.05,11792.21,863.0,4491.49,14073.21,18386.54,18726.72,15581.27,-825.79,-8510.859999999999,3998.01,-1256.83,4108.5,1013.3886648764139,4123.6483333333335,819.522076881804,7720.22,3680.3538553649955,4809.413333333333,3989.738811750295,16531.203333333335,2218.9187041515197,17129.545000000002,1681.3661772231558,-3611.7199999999993,4256.091822822907,-685.765,4300.435645967743,0.3767495509459284,0.4548320565426154,0.21748058885110047,0.6196107145121565,0.5000367350254888,2.2193486685361963,4.170344397784242,949.16,408.8,0.0,1119.93,490.0,267.3,0.0,507.93999999999994,99.33,24.48,0.18117578307394167,0.0780317966629729,0.0,0.21377238267309992,0.09353126312342643,0.05102225843447323,0.0,0.09695565263451676,0.0189601231960203,0.004672745553594855,1.0,6.123233995736766e-17,26
2017-04,3289.94,1898.93,18315.27,56,1391.01,2017,4,0.4228071015799464,0.5771928953804845,0.7325230485982999,5238.889999999999,3805.26,3281.35,3582.43,6737.4,4631.05,11792.21,3868.83,17133.86,14073.21,18386.54,15557.07,-1498.5100000000002,-825.79,-8510.859999999999,-286.4000000000001,4111.363333333334,1009.889084817404,3957.3399999999997,878.6647256377141,4422.46,2425.9699763805797,4695.634999999999,4074.804703554514,16507.446666666667,2189.306627458442,17216.163333333334,1735.0684419315203,-311.09666666666703,1511.9568043212555,-738.2950000000001,4267.170561361475,-0.37201582707020786,-0.7181509176861238,0.06895177148117716,-0.0816456983621572,-0.5091720222672693,4.141421281048509,4.454792357308584,6.52,356.46,0.0,31.48,710.0,0.0,0.0,363.92999999999995,31.13,0.0,0.0019817990541414155,0.10834848019006886,0.0,0.009568563531345362,0.21580940620251612,0.0,0.0,0.11061903830884744,0.009462178612794827,0.0,0.8660254037844387,-0.4999999999999998,27
2017-05,3138.65,1669.46,18242.96,61,1469.19,2017,5,0.4680961544992396,0.5319038423146771,0.8800390492731839,3289.94,5238.889999999999,3805.26,4445.37,1898.93,6737.4,4631.05,2292.96,18315.27,17133.86,14073.21,14953.92,1391.01,-1498.5100000000002,-825.79,2152.41,3889.16,1171.3455812440666,3935.85,900.2206211146241,3435.2633333333342,2862.0349481152957,4598.675,4150.815097046602,17897.36333333333,662.2010185989595,17479.76,1753.9635185829839,453.8966666666663,1691.2855678841881,-662.8249999999999,4308.217483747774,-0.04598564093574459,-0.12084173655247042,-0.003948071743442526,-0.29395078408782443,-0.2719192647411238,5.310498257841954,4.69071983489823,11.23,238.96,112.42,31.48,890.0,0.0,0.0,189.0,18.06,0.0,0.003577971409434083,0.07613464363298028,0.0358179470924826,0.010029789845857964,0.2835614028848027,0.0,0.0,0.060216972073289556,0.005754066220336557,0.0,0.49999999999999994,-0.8660254037844387,28
2017-06,4689.8,8026.38,17002.13,72,-3336.58,2017,6,-0.7114546447365461,1.711454642604259,-0.41570172304862,3138.65,3289.94,5238.889999999999,3635.63,1669.46,1898.93,6737.4,2736.04,18242.96,18315.27,17133.86,14771.31,1469.19,1391.01,-1498.5100000000002,899.5900000000001,3706.1299999999997,855.2351534519618,3907.315,867.1355064751989,3864.923333333334,3605.7530852282894,5792.571666666667,3882.9856607173633,17853.453333333335,738.15360693659,17192.328333333335,1646.7822879715075,-158.79333333333366,2752.321584087394,-1885.256666666667,3721.914487495202,0.4942092922300693,3.8077701543746474,-0.06801692265508608,0.2899552476738413,1.9335755254543956,4.39908595582555,4.587569770656804,12.540000000000001,519.61,323.2,39.58,830.0,52.78,0.0,129.1,20.79,144.06,0.002673888006580477,0.1107957693061628,0.0689155186385016,0.008439592288712541,0.17697982818674607,0.01125421124300778,0.0,0.027527826287842068,0.0044330248530150005,0.030717727769376674,1.2246467991473532e-16,-1.0,29
2017-07,5146.879999999999,1616.99,18206.15,42,3529.8899999999994,2017,7,0.6858310263969025,0.3141689716601729,2.183000499799006,4689.8,3138.65,3289.94,4111.49,8026.38,1669.46,1898.93,2528.43,17002.13,18242.96,18315.27,14729.92,-3336.58,1469.19,1391.01,1583.06,4325.11,1052.613903717788,4218.236666666667,929.9758538944249,3770.943333333334,3685.409637100512,4096.701666666667,2813.249366461612,17817.079999999998,706.0073447919389,17162.263333333332,1622.0806984569767,554.1666666666662,3523.5001547656184,121.5349999999997,2470.836068684041,0.09746257815373219,-0.7985405615002772,0.07081583303338124,0.251828411958126,-0.36047665800328,4.828009424269586,4.209407381062199,9.6,117.7,0.0,155.70999999999998,390.0,16.19,0.0,0.0,386.73,0.0,0.0018652076561621652,0.022868223034404882,0.0,0.03025327959802195,0.07577406103158797,0.0031455949951318188,0.0,0.0,0.07513872467370773,0.0,-0.4999999999999997,-0.8660254037844388,30
2017-08,3436.08,2470.78,18287.0,60,965.2999999999996,2017,8,0.2809305945119711,0.7190694025777357,0.3906863403836586,5146.879999999999,4689.8,3138.65,3285.62,1616.99,8026.38,1669.46,2472.79,18206.15,17002.13,18242.96,14716.89,3529.8899999999994,-3336.58,1469.19,812.8299999999999,4424.253333333333,885.7739181830395,4156.706666666666,973.938306334988,4038.050000000001,3480.276064150658,3736.6566666666663,2868.87290419542,17831.76,719.6170045935299,17864.561666666665,619.5439194574152,386.20333333333275,3469.6710618203188,420.04999999999967,2441.515999529802,-0.3323955477252324,0.5280119201231183,0.004440807087472665,0.04579348784767111,-0.0008128470237550675,4.528671005736255,4.133352812527268,3.07,210.44,0.0,25.0,850.0,48.05,0.0,186.9,257.22,41.6,0.0008934599866898908,0.0612442083384432,0.0,0.00727573279063429,0.24737491488156585,0.013983958423599105,0.0,0.054393378342781955,0.0748585595362781,0.012106819363615458,-0.8660254037844385,-0.5000000000000004,31
2017-09,3360.97,1840.32,16839.11,54,1520.65,2017,9,0.45244378720296885,0.5475562098216996,0.8262965091598391,3436.08,5146.879999999999,4689.8,3202.4300000000003,2470.78,1616.99,8026.38,1883.24,18287.0,18206.15,17002.13,14628.8,965.2999999999996,3529.8899999999994,-3336.58,1319.1900000000005,3981.31,1010.1116011114814,3843.72,850.5399787664305,1976.0300000000007,442.77787218875187,2920.476666666667,2519.797299329187,17777.420000000002,813.6052007578143,17815.436666666665,696.0344735619474,2005.2799999999995,1349.233169137196,923.243333333333,2272.2776494932727,-0.021859211596181698,-0.25516638367168926,-0.07917591727501724,0.04950615610799859,-0.022790509851158096,8.521687380648634,4.229540015146924,9.38,126.58,0.0,0.0,530.0,48.2,0.0,606.64,29.36,0.0,0.0027908609633800333,0.03766174634804313,0.0,0.0,0.15769257042552426,0.014341097914170322,0.0,0.18049551117535856,0.00873557333527055,0.0,-1.0,-1.8369701987210297e-16,32
2017-10,4566.32,3044.59,16817.03,67,1521.7299999999996,2017,10,0.3332508445898429,0.6667491532202099,0.49981442328913095,3360.97,3436.08,5146.879999999999,4287.79,1840.32,2470.78,1616.99,2581.6,16839.11,18287.0,18206.15,17795.56,1520.65,965.2999999999996,3529.8899999999994,1706.19,3787.7899999999995,675.2718702122879,4056.4500000000003,843.9248108214375,2451.8966666666674,602.3570315297491,3111.42,2469.8170999731938,17314.38,842.3859744203662,17565.73,747.6873593421228,1335.8933333333327,320.94369542543984,945.0299999999996,2278.278352818199,0.35863158445736915,0.6543807563120505,-0.0013112331938498777,0.06495887143503087,0.17934226766601238,6.858784124159182,4.439799977190393,10.41,266.99,682.13,194.23,470.0,81.15,0.0,0.0,92.66000000000001,13.66,0.002279735098986197,0.05846940192875357,0.14938287253328092,0.042535345655724206,0.10292752127987632,0.01777142202523822,0.0,0.0,0.020292051322964556,0.002991467958900235,-0.8660254037844386,0.5000000000000001,33
2017-11,4431.74,899.27,18236.89,51,3532.47,2017,11,0.797084213430652,0.20291578431289792,3.928152791395768,4566.32,3360.97,3436.08,3267.59,3044.59,1840.32,2470.78,2251.22,16817.03,16839.11,18287.0,16661.38,1521.7299999999996,1520.65,965.2999999999996,1016.3700000000003,4119.676666666666,660.4958732901628,4271.965,718.4498429744405,1928.0600000000006,1075.3479466200688,2983.0550000000003,2577.420263680333,17297.676666666666,813.4575254636735,17564.718333333334,746.5910618917584,2191.6166666666663,1161.2131749740588,1288.9099999999996,2516.4793893930478,-0.029472310242224995,-0.7046334622900506,0.08442989036445209,0.35627174658916266,-0.6005410373018139,9.458673436206995,4.426777009781245,9.27,169.54,0.0,27.0,290.0,82.95,0.0,0.0,75.41,92.98,0.002091729203221017,0.038255854273364746,0.0,0.0060924151550126706,0.0654370516649509,0.018717253226233372,0.0,0.0,0.017015889882944647,0.020980472633817707,-0.5000000000000004,0.8660254037844384,34
2017-12,3180.97,1320.57,20345.62,54,1860.4,2017,12,0.5848530461310448,0.41514695072526003,1.4087855894894965,4431.74,4566.32,3360.97,4861.01,899.27,3044.59,1840.32,863.0,18236.89,16817.03,16839.11,18726.72,3532.47,1521.7299999999996,1520.65,3998.01,4059.6766666666667,763.9515682511128,4020.4933333333333,802.1355112863822,1754.8100000000006,1136.671790271932,1865.42,780.9683013285497,18466.513333333332,1775.4667001759058,18121.966666666667,1291.5684484635906,2304.8666666666663,1076.5369479183396,2155.0733333333333,1103.9340692390433,-0.2822300038309332,0.46849110424576484,0.11562991271229363,-0.34561541666111495,0.5302085685954974,11.594201015527597,5.01163556125988,8.54,240.32,0.0,27.0,436.15,20.2,0.0,352.8,178.97,0.0,0.00268471566005113,0.0755492818997058,0.0,0.008487976911168678,0.137112264066897,0.006350264207615085,0.0,0.11090956497260407,0.0562627121404392,0.0,-2.4492935982947064e-16,1.0,35
2018-01,3238.07,13789.57,16183.16,110,-10551.5,2018,1,-3.258576858256378,4.258576855168118,-0.7651797693726637,3180.97,4431.74,4566.32,3281.35,1320.57,899.27,3044.59,11792.21,20345.62,18236.89,16817.03,18386.54,1860.4,3532.47,1521.7299999999996,-8510.859999999999,3616.9266666666667,706.2263650086524,3702.358333333333,625.0259150920601,5336.47,7323.629436966346,3894.183333333333,4908.725073171919,18255.22333333333,2081.290560261471,17784.801666666666,1510.6653050284351,-1719.5433333333337,7694.254248634715,-191.82500000000013,5150.002843349701,0.01795049931954573,9.442134764214433,-0.20458752291422547,-0.013189693226294912,0.16937961572141308,3.0325589705693856,4.47428478558882,2109.34,190.62,196.22,2976.7200000000003,290.0,90.99,0.0,457.79999999999995,161.76,0.0,0.6514188987532114,0.05886839982190502,0.0605978250606138,0.9192883386730727,0.08955952129027624,0.028100071869662874,0.0,0.14138051326444295,0.04995568332384511,0.0,0.49999999999999994,0.8660254037844387,36
2018-02,4404.83,6018.69,16288.76,72,-1613.8599999999997,2018,2,-0.3663841729047791,1.3663841706345439,-0.26814140574088147,3238.07,3180.97,4431.74,3805.26,13789.57,1320.57,899.27,4631.05,16183.16,20345.62,18236.89,14073.21,-10551.5,1860.4,3532.47,-825.79,3607.956666666667,690.702855454742,3863.816666666667,666.2486778873686,7042.943333333334,6297.286035915259,4485.501666666666,4916.653669301577,17605.846666666668,2373.300713886355,17451.761666666665,1595.6811693996588,-3434.9866666666676,6403.217328385268,-621.6850000000001,5141.735387795642,0.36032574848497473,-0.563533162699393,0.006525301605789435,0.15756347750859728,0.2996383103191752,2.3127773724629654,4.514677270196304,611.24,297.39,0.0,468.95,200.0,32.02,14.99,0.0,17.26,95.00999999999999,0.13876585443986295,0.06751452367624966,0.0,0.10646267822716728,0.04540470337015344,0.007269293009561566,0.0034030825175930006,0.0,0.003918425900844243,0.02156950433599139,0.8660254037844386,0.5000000000000001,37
2018-03,3449.0,7327.03,16452.72,77,-3878.03,2018,3,-1.124392574298659,2.1243925713992673,-0.5292772098254311,4404.83,3238.07,3180.97,5238.889999999999,6018.69,13789.57,1320.57,6737.4,16288.76,16183.16,20345.62,17133.86,-1613.8599999999997,-10551.5,1860.4,-1498.5100000000002,3697.3000000000006,621.7490586241372,3878.4883333333332,653.8138961330407,9045.096666666666,4160.58394903087,5399.953333333334,4835.853236704631,16308.213333333333,135.82883542693264,17387.36333333333,1632.718670618629,-5347.796666666667,4646.559235954425,-1521.4650000000001,5164.17995826927,-0.2169958881114688,0.21737952907131036,0.01006583680398892,-0.3416544337795707,0.08751595558002205,1.8189656327767656,4.449928314040168,908.0999999999999,249.79,22.5,922.9200000000001,310.0,23.53,0.0,226.19,17.26,7.99,0.2632937075578611,0.0724238907729084,0.006523630018777529,0.2675906051968959,0.08988112470315707,0.006822267304081568,0.0,0.06558132773099064,0.00500434907218223,0.0023166135044458873,1.0,6.123233995736766e-17,38
2018-04,3675.18,1631.35,16407.86,73,2043.8300000000004,2018,4,0.5561169777912458,0.4438830194877992,1.2528457948763556,3449.0,4404.83,3238.07,3289.94,7327.03,6018.69,13789.57,1898.93,16452.72,16288.76,16183.16,18315.27,-3878.03,-1613.8599999999997,-10551.5,1391.01,3843.0033333333336,499.52602598196466,3729.965,560.9331238837661,4992.3566666666675,2983.3224346244124,5164.413333333333,5004.98037432982,16383.113333333335,84.73499001852613,17319.16833333333,1669.4367078558755,-1149.3533333333337,2988.1317403075377,-1434.448333333333,5229.696634304582,0.06557842833987114,-0.7773518045137637,-0.0027266008278712924,0.11709636006402431,-0.14091093331028043,3.286596103336775,4.269540912178389,8.44,197.55,0.0,39.0,290.0,24.65,30.580000000000002,841.66,23.18,7.99,0.002296486152252444,0.05375246912055336,0.0,0.010611725111119115,0.07890769954421906,0.00670715446125862,0.008320680869180065,0.22901191171857727,0.00630717405322413,0.00217404317020107,0.8660254037844387,-0.4999999999999998,39
2018-05,3234.03,2070.1,15891.93,48,1163.9299999999998,2018,5,0.3599008037652686,0.6400991931426139,0.5622578592229464,3675.18,3449.0,4404.83,3138.65,1631.35,7327.03,6018.69,1669.46,16407.86,16452.72,16288.76,18242.96,2043.8300000000004,-3878.03,-1613.8599999999997,1469.19,3452.736666666667,220.59873669931622,3530.346666666667,466.39218409689096,3676.16,3169.347599790847,5359.551666666666,4825.0180574435835,16250.836666666668,311.6305527919787,16928.341666666664,1686.0259731144927,-223.42333333333394,3195.413653743964,-1829.205,4855.819801272491,-0.12003493673769727,0.2689490282958959,-0.03144407617358751,0.030388861356351132,0.23998178908160842,4.322970152760027,4.602705473428211,4.3999999999999995,329.74,0.0,27.0,515.62,19.48,0.0,208.88,131.54,12.24,0.0013605315925933534,0.10195947439584828,0.0,0.008348716590913761,0.15943574994840568,0.006023444414481484,0.0,0.06458814524111357,0.040673710384029484,0.0037847515212142383,0.49999999999999994,-0.8660254037844387,40
2018-06,3804.79,1443.53,15830.82,42,2361.26,2018,6,0.6206019238365273,0.3793980735352067,1.6357540083285143,3234.03,3675.18,3449.0,4689.8,2070.1,1631.35,7327.03,8026.38,15891.93,16407.86,16452.72,17002.13,1163.9299999999998,2043.8300000000004,-3878.03,-3336.58,3571.3333333333335,299.21537733434457,3634.316666666667,441.8155428531999,1714.9933333333338,321.5503796193482,5380.045,4804.650438963275,16043.536666666667,316.9893159610041,16175.875,261.8946371158079,1856.3399999999995,620.2936057223286,-1745.7283333333335,4935.583682789369,0.17648568449740504,-0.30267619775529586,-0.00384534791945013,-0.18870953945006286,-0.8201517984195219,9.230834662734344,4.432747794196151,5.38,145.85000000000002,0.0,27.0,270.0,0.0,0.0,436.98,18.3,7.99,0.0014140070768320799,0.03833325876504812,0.0,0.00709631804358107,0.0709631804358107,0.0,0.0,0.11484996513644652,0.004809726673982725,0.0020999844877115834,1.2246467991473532e-16,-1.0,41
2018-07,4278.91,1205.18,16207.61,42,3073.73,2018,7,0.7183441560623053,0.28165584160065105,2.5504322794069574,3804.79,3234.03,3675.18,5146.879999999999,1443.53,2070.1,1631.35,1616.99,15830.82,15891.93,16407.86,18206.15,2361.26,1163.9299999999998,2043.8300000000004,3529.8899999999994,3772.5766666666664,523.1843152592918,3807.7900000000004,459.1156781901486,1572.9366666666672,446.74513498565096,3282.646666666666,2673.5084676781307,15976.786666666667,202.22058854978707,16179.949999999999,262.22067424217454,2199.6399999999994,965.1035065214538,525.1433333333333,2703.4920629265157,0.12461134484528355,-0.165116068491018,0.023801041244988604,-0.16864003013740347,-0.25467689809660604,10.304044810212456,4.296164502167402,8.5,94.02,100.55,27.0,542.13,36.2,0.0,75.1,17.95,11.49,0.0019864872082224513,0.02197288556671469,0.023498975151384407,0.006310018190824257,0.12669815414042793,0.008460098463253263,0.0,0.01755119874558895,0.004194993575010941,0.0026852632967618783,-0.4999999999999997,-0.8660254037844388,42
2018-08,3527.6800000000003,4719.09,13898.81,53,-1191.41,2018,8,-0.33773187948529376,1.3377318766505695,-0.25246604694450403,4278.91,3804.79,3234.03,3436.08,1205.18,1443.53,2070.1,2470.78,16207.61,15830.82,15891.93,18287.0,3073.73,2361.26,1163.9299999999998,965.2999999999996,3870.4600000000005,379.8960909248748,3661.5983333333334,359.9191186595505,2455.933333333334,1963.5710463421851,3066.0466666666666,2450.8847627635755,15312.413333333332,1238.6276535074594,15781.625,957.4530442533609,1414.526666666666,2284.750053776855,595.5516666666666,2641.4322916661454,-0.17556573946270013,2.9156723235062616,-0.14245160135118534,0.026658284944884144,0.9099596042142172,5.659278187548745,3.590996926486781,7.78,139.67000000000002,0.0,27.0,550.0,139.46,0.0,98.6,19.0,7.99,0.0022054154509325804,0.0395925933202768,0.0,0.00765375542097425,0.15590983264947547,0.039533064111447,0.0,0.027950380907705963,0.00538597603698188,0.00226494465976238,-0.8660254037844385,-0.5000000000000004,43
2018-09,3601.7,1178.07,16170.49,45,2423.63,2018,9,0.672912789313622,0.3270872079099114,2.0572885986631646,3527.6800000000003,4278.91,3804.79,3360.97,4719.09,1205.18,1443.53,1840.32,13898.81,16207.61,15830.82,16839.11,-1191.41,3073.73,2361.26,1520.65,3802.763333333334,414.0126522623846,3687.0483333333336,347.04823984090086,2367.446666666667,2036.6279761982414,2041.22,1352.1123731702207,15425.636666666667,1322.400932445754,15734.586666666668,924.2460192106295,1435.3166666666664,2297.9180225876953,1645.8283333333336,1522.9099620452496,0.02098262875038927,-0.7503607671174723,0.16344420841536494,0.07162515561988012,-0.35985589267162293,6.83035025007103,4.252299851461612,4.38,297.39,0.0,40.0,420.0,91.86,0.0,0.0,30.93,7.99,0.0012160923974342882,0.0825693420257952,0.0,0.011105866643235509,0.11661159975397285,0.025504622746190347,0.0,0.0,0.008587611381881858,0.002218396861986293,-1.0,-1.8369701987210297e-16,44
2018-10,5355.610000000001,5068.53,15652.21,57,287.08000000000084,2018,10,0.05360360434459656,0.9463963937882025,0.056639696210460215,3601.7,3527.6800000000003,4278.91,4566.32,1178.07,4719.09,1205.18,3044.59,16170.49,13898.81,16207.61,16817.03,2423.63,-1191.41,3073.73,1521.7299999999996,4161.663333333334,1034.650289824216,3967.1200000000003,763.6136131840497,3655.23,2152.3866584793736,2614.0833333333335,1798.2556756775912,15240.503333333332,1190.4869970450711,15608.644999999999,863.6520866124451,506.4333333333331,1817.4750243217504,1353.0366666666666,1598.105360026886,0.48696726410593,3.3024013572843605,-0.03205097679040591,0.17285034738509292,0.664766025426195,4.2821409205928465,3.7610466557977693,6.8,190.20999999999998,12.25,22.4,320.0,57.35,0.0,1251.83,68.49000000000001,35.99,0.0012696966334932963,0.03551602892011175,0.0022873211412195414,0.0041825300868014465,0.05975042981144924,0.01070839734277067,0.0,0.23374181422145782,0.012788459180581748,0.006720056152856433,-0.8660254037844386,0.5000000000000001,45
2018-11,3251.36,1780.82,15651.7,65,1470.5400000000002,2018,11,0.4522845810605883,0.5477154158637757,0.8257656538798664,5355.610000000001,3601.7,3527.6800000000003,4431.74,5068.53,1178.07,4719.09,899.27,15652.21,16170.49,13898.81,18236.89,287.08000000000084,2423.63,-1191.41,3532.47,4069.5566666666673,1127.4459681214594,3970.008333333333,760.3117947110028,2675.806666666667,2093.960506560079,2565.8700000000003,1819.5098316964388,15824.800000000001,299.3764304351304,15568.606666666668,853.4002069994463,1393.7499999999998,1070.34293742707,1404.1383333333335,1595.749424482636,-0.39290575603356903,-0.6486515801452264,-3.258325818990205e-05,-0.2663468518768094,0.9802951173696985,5.849338869091168,3.8460454647900737,10.6,98.17,0.0,29.0,380.0,116.66,0.0,284.56,79.81,316.64,0.003260174193998283,0.030193518926869004,0.0,0.00891934449301417,0.11687416921880636,0.03588036995017355,0.0,0.08752029892869352,0.02454665117198141,0.09738693931958643,-0.5000000000000004,0.8660254037844384,46
2018-12,4707.43,1693.37,18948.88,54,3014.0600000000004,2018,12,0.6402771774826664,0.3597228203930322,1.7799181408675122,3251.36,5355.610000000001,3601.7,3180.97,1780.82,5068.53,1178.07,1320.57,15651.7,15652.21,16170.49,20345.62,1470.5400000000002,287.08000000000084,2423.63,1860.4,4438.133333333334,1077.6629977100142,4120.448333333334,808.8350364670569,2847.5733333333337,1923.9018327433812,2607.5099999999998,1791.3283325510158,16750.93,1903.4805533285917,16088.283333333333,1635.760894209998,1590.5599999999997,1367.4460063929428,1512.9383333333335,1693.329405442622,0.4478341357221774,-0.04910659106980725,0.2106595448349639,0.4798724902156498,0.2823023370037004,6.65439576626275,4.269560766682177,9.73,72.23,69.64,29.0,360.0,12.98,0.0,424.9,90.5,107.0,0.0020669452289955557,0.015343828765709042,0.014793634711947634,0.006160473961035058,0.07647484917146968,0.002757343172904657,0.0,0.09026156503599296,0.019224927361161128,0.02273002461485349,-2.4492935982947064e-16,1.0,47
2019-01,3420.4700000000003,13348.73,5005.05,132,-9928.259999999998,2019,1,-2.9026010960405983,3.902601093117024,-0.7437606418410135,4707.43,3251.36,5355.610000000001,3238.07,1693.37,1780.82,5068.53,13789.57,18948.88,15651.7,15652.21,16183.16,3014.0600000000004,1470.5400000000002,287.08000000000084,-10551.5,3793.0866666666675,796.3462478302606,3977.375,850.0717941621164,5607.64,6704.123184033837,4631.435,4579.823778285579,13201.876666666669,7287.580156720975,14221.19,4801.794783007708,-1814.5533333333333,7068.931347957296,-654.0599999999996,4788.036766621575,-0.27338908858254063,6.882937533539998,-0.7358656549960391,0.05632985063222894,-0.03196908965836565,0.8925412457066766,1.3195190162114607,2408.84,0.0,79.21,1766.5,680.0,162.52,0.0,317.36,21.78,7.99,0.7042423973774293,0.0,0.02315763616357507,0.5164494922731393,0.19880308788323506,0.04751393800409318,0.0,0.09278257054503453,0.0063675459619071464,0.002335936282628012,0.49999999999999994,0.8660254037844387,48
2019-02,3703.06,10769.52,6269.39,83,-7066.46,2019,2,-1.9082758531909396,2.9082758504904707,-0.656153662692345,3420.4700000000003,4707.43,3251.36,4404.83,13348.73,1693.37,1780.82,6018.69,5005.05,18948.88,15651.7,16288.76,-9928.259999999998,3014.0600000000004,1470.5400000000002,-1613.8599999999997,3943.6533333333336,676.3729551315122,4006.605,834.3868461271422,8603.873333333335,6122.03996197618,5639.84,5223.811815232243,10074.44,7711.446225845048,12949.62,5808.821196711089,-4660.22,6798.41194315261,-1633.2349999999997,5471.817011676286,0.08261730088959314,-0.19321763179477172,0.2526128605056636,-0.15931829342036288,0.7893461853171603,0.7286706521380634,1.5897416568315461,911.0,47.769999999999996,82.59,623.5,410.0,419.23999999999995,0.0,0.0,80.97999999999999,7.99,0.24601275635281966,0.012900142009850927,0.022303176231810513,0.16837426299229755,0.11071924270544024,0.11321447637031405,0.0,0.0,0.021868400668991584,0.0021576749980889453,0.8660254037844386,0.5000000000000001,49
2019-03,3613.83,5078.91,6244.57,79,-1465.08,2019,3,-0.40540921845961425,1.405409215692467,-0.28846346895600933,3703.06,3420.4700000000003,4707.43,3449.0,10769.52,13348.73,1693.37,7327.03,6269.39,5005.05,18948.88,16452.72,-7066.46,-9928.259999999998,3014.0600000000004,-3878.03,3579.1200000000003,144.45713931821382,4008.6266666666666,833.2234590712542,9732.386666666667,4231.3372438785,6289.98,4781.468565601993,5839.670000000001,722.9086501070822,11295.300000000001,6113.510651794112,-6153.266666666667,4304.857195788658,-2281.353333333333,5113.779136375238,-0.024096287869771794,-0.5283995939202494,-0.003958917846937492,0.04779066382200443,-0.30682554826877256,0.6416278151967919,1.7447221614678405,307.14,97.85,84.0,267.5,290.0,38.59,21.15,505.51,67.95,7.99,0.08499016255609654,0.027076536452803432,0.023244037424992217,0.07402119060935021,0.08024727206247313,0.010678421478933926,0.00585251656593554,0.13988206379414067,0.018802765988431204,0.0022109507026867596,1.0,6.123233995736766e-17,50
2019-04,4323.6,9819.33,6242.57,75,-5495.73,2019,4,-1.271100468889119,2.2711004665762315,-0.5596848251767841,3613.83,3703.06,3420.4700000000003,3675.18,5078.91,10769.52,13348.73,1631.35,6244.57,6269.39,5005.05,16407.86,-1465.08,-7066.46,-9928.259999999998,2043.8300000000004,3880.163333333334,386.6103416016373,3836.6250000000005,561.8973792695604,8555.92,3048.4281464551486,7081.78,4929.805190860991,6252.176666666666,14.940687166103796,9727.026666666667,5977.718472202146,-4675.756666666667,2889.313357293283,-3245.155,5077.707571917666,0.19640381479924685,0.9333538083302249,-0.00032027825723744273,0.17643217427056057,5.019143623262061,0.7296199581931342,1.6088420634985927,10.71,47.7,85.52,41.0,900.0,106.23,42.879999999999995,304.9,46.74,13.940000000000001,0.002477102408925196,0.011032472913700452,0.0197798130729489,0.009482838353495147,0.20815986629623492,0.024569802885165595,0.009917661185313948,0.0705199369263578,0.010810435722984468,0.0032241650401883502,0.8660254037844387,-0.4999999999999998,51
2019-05,9265.85,7816.56,6232.81,81,1449.29,2019,5,0.15641198577959714,0.843588013141171,0.1854127644572385,4323.6,3613.83,3703.06,3234.03,9819.33,5078.91,10769.52,2070.1,6242.57,6244.57,6269.39,15891.93,-5495.73,-1465.08,-7066.46,1163.9299999999998,5734.426666666666,3078.823871648609,4839.040000000001,2221.872062527452,7571.600000000001,2379.6847470410808,8087.736666666667,4192.4438680734465,6239.983333333334,6.292259768543293,8157.211666666667,5310.131295289861,-1837.173333333334,3487.4296819625442,-3248.6966666666667,5073.766454895876,1.1430867768917412,-0.2039619809050495,-0.0015634586371261713,1.8651094706446458,2.775933516371511,0.8231826815690438,1.0869107500077124,13.65,145.7,14.9,29.0,670.0,87.11,0.0,94.83,27.14,7.99,0.0014731514092359023,0.015724407349866003,0.0016080553844406553,0.0031297722247502686,0.07230853070974759,0.009401188224068824,0.0,0.010234355174933379,0.0029290351096455964,0.000862306209508781,0.49999999999999994,-0.8660254037844387,52
2019-06,9268.79,12220.2,6195.06,70,-2951.4100000000017,2019,6,-0.31842451893027635,1.3184245178513867,-0.24151896021217426,9265.85,4323.6,3613.83,3804.79,7816.56,9819.33,5078.91,1443.53,6232.81,6242.57,6244.57,15830.82,1449.29,-5495.73,-1465.08,2361.26,7619.413333333334,2854.2584513378115,5599.266666666667,2857.31600189175,9952.03,2204.8170626834262,9842.208333333334,3020.0407644097527,6223.4800000000005,25.091566305449756,6031.575,503.4715841734429,-2332.616666666668,3513.617024112528,-4242.941666666667,4090.2481531145113,0.0003172941496816339,0.5633731455226172,-0.006056658223086123,1.4360845107454434,7.465497721103838,0.6224920939521966,0.8130625969282028,7.010000000000001,170.81,54.35,29.0,550.0,39.74,0.0,280.31,134.57,25.990000000000002,0.0007563015228996433,0.01842851114500543,0.005863764303793953,0.0031287794813252,0.059338921197546905,0.004287506778891843,0.0,0.030242350910698858,0.014518615682825248,0.0028040337489531712,1.2246467991473532e-16,-1.0,53
2019-07,6242.82,2431.48,4709.47,88,3811.34,2019,7,0.6105157595277203,0.3894842388704396,1.567497978319797,9268.79,9265.85,4323.6,4278.91,12220.2,7816.56,9819.33,1205.18,6195.06,6232.81,6242.57,16207.61,-2951.4100000000017,1449.29,-5495.73,3073.73,8259.153333333334,1746.196507908924,6069.658333333334,2651.8171027083768,7489.413333333334,4902.553264956263,8022.666666666668,3697.621940240328,5712.446666666667,868.8083281328355,5982.311666666667,624.0296434759996,769.7399999999985,3432.2060023401914,-1953.008333333334,4116.709617116159,-0.32646871886571105,-0.8010278057633854,-0.2398023582664214,0.45897436389413576,1.017524344765725,0.6288169425435856,0.5702122002373784,16.91,278.93,30.93,29.0,560.0,62.650000000000006,0.0,380.90999999999997,88.63,109.33,0.0027087117637402463,0.044680128460086746,0.0049544917121517335,0.004645336555202078,0.08970305072114358,0.010035528799427939,0.0,0.06101569473248357,0.01419710961681242,0.017512918813111834,-0.4999999999999997,-0.8660254037844388,54
2019-08,5507.31,4915.32,5883.13,97,591.9900000000007,2019,8,0.10749167904568363,0.8925083191385479,0.12043773320874804,6242.82,9268.79,9265.85,3527.6800000000003,2431.48,12220.2,7816.56,4719.09,4709.47,6195.06,6232.81,13898.81,3811.34,-2951.4100000000017,1449.29,-1191.41,7006.306666666667,1993.5814167556139,6370.366666666668,2422.1298353859247,6522.333333333335,5088.381736832774,7046.966666666667,3598.9025326266683,5595.886666666666,783.3428122048276,5917.935,608.2140876287862,483.97333333333216,3382.668708406629,-676.6000000000003,3325.381467657509,-0.11781694792126474,1.021534205415902,0.24921275589564693,0.561170512741602,0.04158216935557022,0.9019977499330538,0.8396906203938775,18.16,89.02,31.4,29.0,260.0,149.81,0.0,475.96000000000004,44.209999999999994,18.35,0.003297435584164618,0.016163971128983167,0.005701513069535738,0.005265728631099886,0.0472099808305507,0.027202027800864618,0.0,0.08642331721580351,0.0080275125096871,0.00333193518554079,-0.8660254037844385,-0.5000000000000004,55
2019-09,3748.36,2012.54,6012.07,78,1735.8200000000002,2019,9,0.4630878558540592,0.5369121414781073,0.8625021074736299,5507.31,6242.82,9268.79,3601.7,4915.32,2431.48,12220.2,1178.07,5883.13,4709.47,6195.06,16170.49,591.9900000000007,3811.34,-2951.4100000000017,2423.63,5166.163333333333,1281.7443032966132,6392.788333333334,2391.9436814391443,3119.780000000001,1569.0285528313277,6535.905,4114.987189597312,5534.889999999999,717.7360330926905,5879.185,590.3869039791763,2046.3833333333325,1631.9898264490982,-143.11666666666687,3428.7389014485593,-0.319384599161143,-0.5905576837508897,0.02191690473962509,0.04071966004742308,0.7083365104931243,1.9270813905881772,1.163739820142982,11.68,82.33,26.5,133.3,1110.0,77.5,0.0,97.35000000000001,118.87,65.89,0.0031160294018823444,0.021964272316521698,0.007069758488859771,0.03556221911566067,0.29612950651450365,0.020675708788174804,0.0,0.025971358071339577,0.031712535530972114,0.01757835422003662,-1.0,-1.8369701987210297e-16,56
2019-10,6429.1,3996.6,5972.07,85,2432.5000000000005,2019,10,0.3783577788829576,0.6216422195616148,0.6086423444711947,3748.36,5507.31,6242.82,5355.610000000001,2012.54,4915.32,2431.48,5068.53,6012.07,5883.13,4709.47,15652.21,1735.8200000000002,591.9900000000007,3811.34,287.08000000000084,5228.256666666667,1361.9819415224717,6743.705000000001,2171.9988956051466,3641.4866666666676,1483.6145192513131,5565.450000000001,3864.7662429440657,5955.756666666665,65.99980706777296,5834.1016666666665,566.9510393824004,1586.7699999999995,929.2637902662659,1178.2549999999999,2292.965132754968,0.7151767687330546,0.9858487235739477,-0.006653282469011036,0.2004421528071645,-0.21148735390441142,1.6400087465009465,1.142267943089504,11.5,30.78,12.5,65.11,315.0,134.91,0.0,436.13,18.39,25.990000000000002,0.0017887418117796554,0.004787606344919808,0.0019442845780213644,0.010127389509997684,0.04899597136613838,0.020984274593668983,0.0,0.06783686664099661,0.0028604314711850316,0.004042556494622021,-0.8660254037844386,0.5000000000000001,57
2019-11,3981.51,3191.13,5969.07,59,790.3799999999997,2019,11,0.1985126241086606,0.8014873733797293,0.2476802880243665,6429.1,3748.36,5507.31,3251.36,3996.6,2012.54,4915.32,1780.82,5972.07,6012.07,5883.13,15651.7,2432.5000000000005,1735.8200000000002,591.9900000000007,1470.5400000000002,4719.656666666667,1485.004078456797,5862.981666666667,2010.0925496246807,3066.756666666668,997.8602434375788,4794.545,3786.455405234556,5984.403333333333,24.006943432775472,5790.145,539.4112327251979,1652.899999999999,824.194345042495,1068.4366666666665,2293.1668995750565,-0.38070491922554495,-0.20153880748251307,-0.0005023383843418809,0.22456756488187232,0.7919441561081741,1.946378741233532,1.2647254681702296,4.7,127.33,7.0,19.95,380.0,195.4,0.0,112.2,93.42,13.940000000000001,0.0011804566579502332,0.03198032899080919,0.0017581269373726878,0.00501066177151216,0.09544117660023162,0.049076857651803314,0.0,0.02818026319617365,0.023463459784193785,0.0035011842152821815,-0.5000000000000004,0.8660254037844384,58
2019-12,9880.96,1513.89,11220.33,71,8367.07,2019,12,0.8467871534276152,0.15321284556033743,5.526867833680995,3981.51,6429.1,3748.36,4707.43,3191.13,3996.6,2012.54,1693.37,5969.07,5972.07,6012.07,18948.88,790.3799999999997,2432.5000000000005,1735.8200000000002,3014.0600000000004,6763.856666666667,2963.937262330854,5965.009999999999,2221.9145388245647,2900.5400000000013,1266.6073373780725,3010.16,1280.967506207706,7720.490000000001,3030.9507203515736,6627.69,2305.163144109352,3863.3166666666657,3985.848101625719,2954.85,2900.090407983862,1.481711708669043,-0.5255943802803571,0.8797450844440675,1.0990136845390928,-0.10598983030294708,3.868358981884892,1.6588657235607709,13.69,116.36,41.55,19.95,350.0,84.16,0.0,370.33000000000004,67.44,7.99,0.0013854929061695494,0.011776183678735485,0.00420505699425455,0.0020190345856890076,0.035421659398052766,0.00851739101411463,0.0,0.03747915178537395,0.006825247742299081,0.000808625881686976,-2.4492935982947064e-16,1.0,59
2020-01,7774.75,14471.67,4019.56,81,-6696.92,2020,1,-0.8613678885348496,1.8613678872486346,-0.46276069004975884,9880.96,3981.51,6429.1,3420.4700000000003,1513.89,3191.13,3996.6,13348.73,11220.33,5969.07,5972.07,5005.05,8367.07,790.3799999999997,2432.5000000000005,-9928.259999999998,7212.406666666667,2989.6571867077537,6220.331666666668,2344.83972330235,6392.2300000000005,7047.077162881074,5016.858333333334,4797.388883371521,7069.653333333333,3724.4106786756247,6512.704999999999,2433.611736984787,820.1766666666657,7532.039203365404,1203.4733333333334,4818.128049646115,-0.2131584378307791,8.559261184370984,-0.6417609815025397,1.2730063375120775,0.0841233584886927,0.6288196754046401,0.5573118904961286,2106.4700000000003,170.84,110.64999999999999,1097.47,340.0,35.8,0.0,98.2,54.49,7.99,0.2709373288260879,0.021973696875174514,0.014231968855291849,0.14115823641768774,0.04373130963216655,0.004604649661269301,0.0,0.012630631193761047,0.007008585476049281,0.001027685776355914,0.49999999999999994,0.8660254037844387,60
2020-02,13690.3,17614.64,3507.49,91,-3924.3399999999983,2020,2,-0.28665113234432316,1.2866511316138791,-0.22278854394822223,7774.75,9880.96,3981.51,3703.06,14471.67,1513.89,3191.13,10769.52,4019.56,11220.33,5969.07,6269.39,-6696.92,8367.07,790.3799999999997,-7066.46,10448.669999999998,2998.358539884779,7584.163333333333,3784.7898951918887,11200.066666666668,8534.405598437028,7133.411666666667,7026.9439346316585,6249.126666666667,4312.795016834558,6116.765,2731.5443267847795,-751.3966666666671,8017.582286913765,450.75166666666684,5264.842025810145,0.7608669079251847,0.21718087807614397,-0.1273945403790601,2.69702353540849,0.6356012146914614,0.31316688563178174,0.33568769964436845,905.6700000000001,117.17999999999999,106.63,444.0,200.0,8.9,77.47,0.0,47.93,91.51,0.06615413828319751,0.008559344931404466,0.007788726318788686,0.03243172170629444,0.014608883651483983,0.0006500953224910373,0.005658751082402321,0.0,0.0035010189670781366,0.006684294714736497,0.8660254037844386,0.5000000000000001,61
2020-03,93996.75,18153.25,3501.48,102,75843.5,2020,3,0.8068736418219913,0.193126358071622,4.177957112815635,13690.3,7774.75,9880.96,3613.83,17614.64,14471.67,1513.89,5078.91,3507.49,4019.56,11220.33,6244.57,-3924.3399999999983,-6696.92,8367.07,-1465.08,38487.26666666666,48163.528607244225,22625.561666666665,35118.60742408184,16746.52,1988.399375100477,9823.53,7728.9429508128715,3676.1766666666663,297.3938722181182,5698.333333333333,2935.469852549466,21740.746666666666,46874.86254539562,12802.031666666668,31323.100748761397,5.8659379225685795,0.03057740604941268,-0.0017134760135780868,25.010285417381876,2.57424131836508,0.20908702213409888,0.09097762201239433,611.18,199.34,241.92000000000002,256.15,170.0,55.72,0.0,0.0,44.96,82.53,0.006502139700946879,0.0021207116201229603,0.0025737060055189454,0.002725094218393179,0.0018085731685607669,0.0005927864526600349,0.0,0.0,0.00047831440975583574,0.0008780090800077653,1.0,6.123233995736766e-17,62
2020-04,3587.85,3341.99,3486.52,59,245.86000000000013,2020,4,0.06852571855421574,0.9314742786585997,0.07356694641944789,93996.75,13690.3,7774.75,4323.6,18153.25,17614.64,14471.67,9819.33,3501.48,3507.49,4019.56,6242.57,75843.5,-3924.3399999999983,-6696.92,-5495.73,37091.63333333333,49539.47013378154,22152.02,35398.719134332525,13036.626666666665,8400.11965730449,9714.428333333333,7831.585078249271,3498.4966666666664,10.798631065033476,5284.075,3061.778663932146,24055.006666666668,44898.59322197671,12437.591666666667,31480.20509285314,-0.9618300631711383,-0.8159012844444377,-0.004272479053793038,-0.17017069069717217,-0.6596519307736354,0.26744034990587523,0.09399747829187063,11.549999999999999,332.16,130.0,222.99,0.0,18.0,23.94,0.0,19.59,16.189999999999998,0.003219198118039499,0.092579120942684,0.03623339873118051,0.06215142756204572,0.0,0.00501693213200961,0.0066725197355727815,0.0,0.0054600944703371256,0.004512451734290865,0.8660254037844387,-0.4999999999999998,63
2020-05,3680.22,4995.75,3242.38,52,-1315.5300000000002,2020,5,-0.357459607421677,1.357459604704448,-0.2633298298286948,3587.85,93996.75,13690.3,9265.85,3341.99,18153.25,17614.64,7816.56,3486.52,3501.48,3507.49,6232.81,245.86000000000013,75843.5,-3924.3399999999983,1449.29,33754.939999999995,52170.95827288684,22101.804999999997,35429.85016637623,8830.330000000002,8116.117207704678,10015.198333333334,7560.930533997561,3410.126666666667,145.46531728516908,4829.626666666666,3141.1018299804905,24924.61,44103.96245018241,12086.606666666667,31647.332388652074,0.025745223390762618,0.4948428915261779,-0.07002397786324475,-0.6028189528183395,-0.3608761394259417,0.3671867298649238,0.09605645867062526,7.51,113.47,155.59,0.0,80.0,0.0,0.0,0.0,19.44,7.99,0.0020406388693049904,0.030832395805597504,0.042277363738370634,0.0,0.021737830831477924,0.0,0.0,0.0,0.005282292892049136,0.0021710658542938577,0.49999999999999994,-0.8660254037844387,64
2020-06,12255.86,85466.43,4536.88,67,-73210.56999999999,2020,6,-5.9735155215761955,6.97351552076026,-0.8566003048382154,3680.22,3587.85,93996.75,9268.79,4995.75,3341.99,18153.25,12220.2,3242.38,3486.52,3501.48,6195.06,-1315.5300000000002,245.86000000000013,75843.5,-2951.4100000000017,6507.976666666662,4978.027236208554,22497.62166666667,35278.95964873874,31268.056666666667,46944.4510514175,24007.28833333333,30762.909400541692,3755.2599999999998,687.8215271417115,3715.718333333333,475.9126804958979,-24760.079999999998,41966.61733584326,-1509.6666666666642,47244.87218640925,2.3301976448956925,16.107827621262416,0.39924376415088986,0.32227183880282984,5.993865070953122,0.14509632136446718,0.6971260386144711,11.88,210.48,212.17000000000002,100.39,180.0,10.55,0.0,0.0,69.21000000000001,25.990000000000002,0.0009693322206933401,0.017173825405011296,0.017311718624958415,0.008191183639343805,0.014686851828686969,0.0008608127044035974,0.0,0.0,0.00564709452813014,0.0021206182168198575,1.2246467991473532e-16,-1.0,65
2020-07,3924.85,2683.15,3261.56,66,1241.6999999999998,2020,7,0.3163687776185872,0.6836312198335447,0.46277695819176345,12255.86,3680.22,3587.85,6242.82,85466.43,4995.75,3341.99,2431.48,4536.88,3242.38,3486.52,4709.47,-73210.56999999999,-1315.5300000000002,245.86000000000013,3811.34,6620.309999999995,4882.061942571073,21855.971666666668,35633.522358646165,31048.44333333333,47141.54202325305,22042.535,31850.94126905749,3680.273333333333,741.905118012328,3589.3849999999998,479.7173676136026,-24428.13333333333,42266.17384707579,-186.56333333333154,47181.66708872617,-0.679757274740608,-0.9686058021882269,-0.2811006676810922,-0.37130175085730205,0.10350486081109096,0.10504745645163936,0.49265970854437413,11.39,373.24,159.17,43.2,40.0,8.1,0.0,0.0,16.44,25.990000000000002,0.0029020217259206806,0.09509662765431386,0.040554415989007435,0.011006790040366409,0.010191472259598527,0.0020637731325687013,0.0,0.0,0.004188695098694995,0.006621909100674143,-0.4999999999999997,-0.8660254037844388,66
2020-08,3665.25,3264.83,3192.72,63,400.4200000000001,2020,8,0.10924766357206832,0.8907523336996048,0.12264650801834551,3924.85,12255.86,3680.22,5507.31,2683.15,85466.43,4995.75,4915.32,3261.56,4536.88,3242.38,5883.13,1241.6999999999998,-73210.56999999999,-1315.5300000000002,591.9900000000007,6615.319999999995,4886.575146122368,20185.13,36321.38066802141,30471.469999999998,47627.92045593425,19650.899999999998,32775.26122465357,3663.72,756.9617068250893,3536.9233333333336,506.9056591386519,-23856.149999999998,42744.25128788548,534.2300000000015,47146.16604392005,-0.0661426549647944,0.2167899662084118,-0.021106464326560142,-0.3344754511104779,-0.3357848515746994,0.10477735399546614,0.48262517840010016,8.48,331.44,187.46,199.95,40.0,20.68,0.0,0.0,40.57,7.99,0.002313621165504069,0.09042766498757884,0.05114521505723971,0.054552895288035204,0.010913307384453154,0.005642179917762281,0.0,0.0,0.011068822014681613,0.002179933150044518,-0.8660254037844385,-0.5000000000000004,67
2020-09,4655.42,7068.51,3403.75,77,-2413.09,2020,9,-0.5183399123637826,1.5183399102157489,-0.34138594931409033,3665.25,3924.85,12255.86,3748.36,3264.83,2683.15,85466.43,2012.54,3192.72,3261.56,4536.88,6012.07,400.4200000000001,1241.6999999999998,-73210.56999999999,1735.8200000000002,4081.839999999995,513.4136269139215,5294.908333333334,3432.7221303648525,4338.83,2381.796083295145,17803.443333333333,33186.39404183507,3286.0099999999998,107.61861874014565,3520.635,509.83404836292027,-256.99000000000007,1914.030672977821,-12508.534999999998,29766.837579368595,0.2701507393215995,1.16504687482948,0.06609724602816024,0.2419884956567979,2.512233284743492,0.784485677511021,0.8338763870365423,10.53,480.26,224.1,94.25,50.0,5.75,0.0,0.0,16.63,7.99,0.0022618796966506144,0.10316147607914758,0.048137439697948974,0.02024521950705797,0.0107401694997655,0.0012351194924730326,0.0,0.0,0.003572180375622005,0.0017162790860625271,-1.0,-1.8369701987210297e-16,68
2020-10,7672.85,7471.85,2804.3,82,201.0,2020,10,0.026196263414251207,0.9738037352824521,0.026900968265020083,4655.42,3665.25,3924.85,6429.1,7068.51,3264.83,2683.15,3996.6,3403.75,3192.72,3261.56,5972.07,-2413.09,400.4200000000001,1241.6999999999998,2432.5000000000005,5331.173333333329,2087.5096085130253,5975.741666666668,3431.537858496771,5935.063333333334,2321.2669664933956,18491.75333333333,32867.76326997726,3133.59,304.067991244607,3406.931666666667,588.9066301688167,-603.89,1569.982663630377,-12516.011666666665,29762.99867311587,0.6481541930735484,0.05706153056717538,-0.17611457899048227,0.19345631551312575,0.8695516167003163,0.47249706326217733,0.5260192868248784,18.43,232.56,242.56,120.60000000000001,80.0,44.21,0.0,0.0,44.15,30.990000000000002,0.0024019757946499984,0.030309467759294828,0.03161276444657101,0.015717758048550724,0.010426373498209435,0.005761874654447989,0.0,0.0,0.0057540548743243315,0.00403891643386888,-0.8660254037844386,0.5000000000000001,69
2020-11,9783.31,8148.39,3076.75,81,1634.9199999999992,2020,11,0.16711317522687796,0.8328868237509731,0.2006433170225733,7672.85,4655.42,3665.25,3981.51,7471.85,7068.51,3264.83,3191.13,2804.3,3403.75,3192.72,5969.07,201.0,-2413.09,400.4200000000001,790.3799999999997,7370.526666666662,2577.2783147021864,6992.923333333333,3518.450397670342,7562.916666666667,545.6693659474313,19017.19333333333,32633.22186903013,3094.933333333333,300.13838613689876,3379.3266666666664,601.9012479026701,-192.39000000000033,2052.4772858913516,-12024.269999999999,30008.424378325508,0.27505555266288845,0.09054517945281934,0.09715436972808048,1.457185837892694,1.553449713570272,0.40682056031272695,0.41743963965835174,16.31,321.62,150.71,19.95,40.0,25.78,0.0,0.0,30.61,7.99,0.0016671249284065158,0.032874354351569816,0.015404806741885104,0.002039187144188228,0.004088595777821008,0.00263509997880564,0.0,0.0,0.0031287979189775265,0.0008166970066197463,-0.5000000000000004,0.8660254037844384,70
2020-12,4665.29,5296.53,2596.04,76,-631.2399999999998,2020,12,-0.13530562915637476,1.1353056270128854,-0.11917991568219205,9783.31,7672.85,4655.42,9880.96,8148.39,7471.85,7068.51,1513.89,3076.75,2804.3,3403.75,11220.33,1634.9199999999992,201.0,-2413.09,8367.07,7373.816666666662,2572.0804577100894,5727.828333333334,2450.063200298434,6972.256666666667,1490.1246555015002,5655.543333333331,2288.6350585330174,2825.6966666666667,241.06822485107975,3055.853333333333,302.3983662435899,401.5599999999998,1146.3151929552032,72.2849999999991,1456.4090106253323,-0.5231378740700868,-0.3499906112127788,-0.1562395379662321,-0.5278505322075481,2.498622736799749,0.3723385584308592,0.3520619122814349,13.959999999999999,253.79,173.92,1117.52,40.0,51.3,0.0,0.0,58.050000000000004,12.99,0.0029923112968490463,0.05439961919966472,0.03727956882148898,0.239539234989595,0.00857395787062764,0.010996100969079948,0.0,0.0,0.012442956359748365,0.002784392818486326,-2.4492935982947064e-16,1.0,71
2021-01,13955.82,19540.95,1489.24,157,-5585.130000000001,2021,1,-0.4002007761634926,1.4002007754469457,-0.2858167078438783,4665.29,9783.31,7672.85,7774.75,5296.53,8148.39,7471.85,14471.67,2596.04,3076.75,2804.3,4019.56,-631.2399999999998,1634.9199999999992,201.0,-6696.92,9468.139999999994,4653.2769116936015,7399.656666666667,3941.90574638037,10995.29,7536.876341801037,8465.176666666664,5706.03910816833,2387.343333333333,814.0716946515411,2760.4666666666667,684.9330282493268,-1527.1500000000005,3692.46144823476,-1065.5200000000011,2587.5412175655615,1.991415320395055,2.6893871974870587,-0.4263416571919475,0.7950184883179285,0.35028991101214313,0.13544344884451118,0.15728960476155876,2718.89,320.03000000000003,235.02,10603.380000000001,30.0,93.66,0.0,0.0,376.43,46.14,0.194821228566418,0.022931651437943706,0.016840285976144516,0.7597819398933335,0.0021496407934828332,0.006711178557253405,0.0,0.0,0.02697297612969143,0.0033061475403765974,0.49999999999999994,0.8660254037844387,72
2021-02,5257.52,6057.9400000000005,1471.57,88,-800.4200000000001,2021,2,-0.15224288228624355,1.1522428803842062,-0.132127422635207,13955.82,4665.29,9783.31,13690.3,19540.95,5296.53,8148.39,17614.64,1489.24,2596.04,3076.75,3507.49,-5585.130000000001,-631.2399999999998,1634.9199999999992,-3924.3399999999983,7959.5433333333285,5201.363714511236,7665.035000000001,3685.4716646461834,10298.473333333333,8013.268215742782,8930.694999999998,5296.13728152035,1852.2833333333328,644.1727575990848,2473.608333333333,815.6410630521208,-2338.9300000000003,2812.564007822746,-1265.660000000001,2496.309659149015,-0.6232740171317243,-0.6899874362863692,-0.011865112326655844,-0.6159675093928054,-0.6560849380651066,0.14289205311703929,0.18488120945186412,315.96000000000004,123.25,152.55,1324.48,0.0,91.76,14.99,0.0,36.88,44.99,0.060096775551787204,0.023442611681091824,0.029015581435704322,0.25192105735799186,0.0,0.017453095722977572,0.002851154150909261,0.0,0.007014714148467882,0.008557266527645607,0.8660254037844386,0.5000000000000001,73
2021-03,4285.24,2352.63,1441.23,78,1932.61,2021,3,0.4509922420891427,0.5490077555772659,0.8214678856366368,5257.52,13955.82,4665.29,93996.75,6057.9400000000005,19540.95,5296.53,18153.25,1471.57,1489.24,2596.04,3501.48,-800.4200000000001,-5585.130000000001,-631.2399999999998,75843.5,7832.859999999996,5324.876662496587,7603.338333333334,3748.4903594989514,9317.173333333334,9045.80220579875,8144.714999999997,5938.719884472558,1467.3466666666664,24.28203930465923,2146.521666666667,759.6155733901156,-1484.3133333333337,3805.24457104051,-541.3766666666678,2717.4483206911837,-0.18493129805510727,-0.6116452117194208,-0.02061743565975493,-0.9544107641004171,-0.8704017182210338,0.15468532642802396,0.1839979264483243,12.89,184.10999999999999,165.63,48.45,0.0,125.75,20.99,15.66,343.93,35.99,0.003007999544930974,0.042963754555255355,0.038651277317836866,0.011306251198751411,0.0,0.029344914102022494,0.004898208723669599,0.00365440441222801,0.08025921516587353,0.008398596091704092,1.0,6.123233995736766e-17,74
2021-04,6822.9800000000005,7326.01,1813.03,95,-503.02999999999975,2021,4,-0.07372584988710816,1.073725848421473,-0.0686635698440712,4285.24,5257.52,13955.82,3587.85,2352.63,6057.9400000000005,19540.95,3341.99,1441.23,1471.57,1489.24,3486.52,1932.61,-800.4200000000001,-5585.130000000001,245.86000000000013,5455.246666666662,1280.3721931275306,7461.693333333333,3761.373347508404,5245.526666666666,2584.306236542698,8120.408333333332,5942.322021157758,1575.2766666666664,206.4585055956707,1981.3100000000002,692.7992615181744,209.72000000000003,1499.4574575825513,-658.715000000001,2694.0810872337656,0.5922048692903903,2.1139660630274792,0.2579740897846,0.9016904249015695,1.1921100865289542,0.34563354868916846,0.3323461077855093,619.9699999999999,306.92,168.11,2171.9300000000003,0.0,51.97,0.0,19.4,368.61,30.490000000000002,0.09086498847883916,0.04498327703586515,0.0246387941564554,0.3183257164489333,0.0,0.007616906384575498,0.0,0.002843332381388583,0.05402478088163122,0.004468721871574119,0.8660254037844387,-0.4999999999999998,75
2021-05,4163.18,3765.21,1802.51,78,397.97000000000025,2021,5,0.09559279181877131,0.9044072057792187,0.10569662753021318,6822.9800000000005,4285.24,5257.52,3680.22,7326.01,2352.63,6057.9400000000005,4995.75,1813.03,1441.23,1471.57,3242.38,-503.02999999999975,1932.61,-800.4200000000001,-1315.5300000000002,5090.466666666663,1501.6412682575735,6525.005,3767.3763644517817,4481.283333333332,2562.8495703285985,7389.87833333333,6201.949372242281,1685.5899999999995,211.6873279142352,1768.9366666666665,438.4564137822536,609.1833333333335,1231.4803516635006,-864.8733333333342,2525.516923266866,-0.3898296632998636,-0.4860490219286501,-0.005802441185184784,0.13123128472963236,-0.2463173692712458,0.4022307588922131,0.3540952361523598,409.78000000000003,306.9,161.26,58.45,40.0,23.44,29.95,0.0,108.65,7.99,0.09842956562428345,0.07371768678337788,0.03873481319872114,0.014039748427788977,0.009608039984799985,0.0056303114310927915,0.007194019938618988,0.0,0.02609783860871296,0.001919205986963797,0.49999999999999994,-0.8660254037844387,76
2021-06,4637.68,5056.53,1354.05,121,-418.84999999999945,2021,6,-0.09031455363389754,1.090314551477647,-0.08283348445903904,4163.18,6822.9800000000005,4285.24,12255.86,3765.21,7326.01,2352.63,85466.43,1802.51,1813.03,1441.23,4536.88,397.97000000000025,-503.02999999999975,1932.61,-73210.56999999999,5207.946666666662,1418.6391589598145,6520.403333333333,3770.1180904457874,5382.583333333332,1802.652834611669,7349.87833333333,6218.901627768076,1656.5299999999997,262.0081685739353,1561.9383333333333,196.0414732060414,-174.63666666666631,497.67495831442557,-829.4750000000008,2530.9291841516765,0.11397537431968982,0.34296094947436934,-0.24879750875835638,-0.6215948936903695,-0.9408360685077362,0.25156136257083245,0.2599969016707862,24.59,667.53,268.84000000000003,50.45,40.0,93.61,107.95,0.0,30.1,49.99,0.005302220064122104,0.14393619192368556,0.05796863936716497,0.010878283946114687,0.008625002137652873,0.020184661252642136,0.023276724518990693,0.0,0.006490314108583787,0.01077909642153168,1.2246467991473532e-16,-1.0,77
2021-07,4908.51,3733.23,1231.22,90,1175.2800000000002,2021,7,0.2394372218057268,0.7605627761569952,0.3148158556670341,4637.68,4163.18,6822.9800000000005,3924.85,5056.53,3765.21,7326.01,2683.15,1354.05,1802.51,1813.03,3261.56,-418.84999999999945,397.97000000000025,-503.02999999999975,1241.6999999999998,4569.789999999996,377.2744243927711,5012.518333333333,973.5941815030595,4184.989999999999,754.9451362848473,4715.2583333333305,1799.1258320685695,1462.593333333333,300.71466115371334,1518.9350000000002,238.81170170267706,384.80000000000035,797.1465993780115,297.2599999999994,1078.295900539671,0.05839773322351318,-0.26170120564556876,-0.09071304537710534,0.25062359007191726,0.3913608989756036,0.2941990296411724,0.26942594677342757,16.89,436.95,173.24,310.84,50.0,526.12,0.0,155.5,116.14,162.06,0.0034409627291358017,0.08901886705126634,0.03529380599144383,0.06332675279600784,0.010186390553984018,0.10718527596524144,0.0,0.0316796746228903,0.02366094797879408,0.033016129063573,-0.4999999999999997,-0.8660254037844388,78
2021-08,5081.43,4716.81,1211.84,83,364.6199999999999,2021,8,0.07175539154971061,0.9282446064823395,0.07730224436154465,4908.51,4637.68,4163.18,3665.25,3733.23,5056.53,3765.21,3264.83,1231.22,1354.05,1802.51,3192.72,1175.2800000000002,-418.84999999999945,397.97000000000025,400.4200000000001,4875.873333333329,223.6680120943103,4983.17,967.3658257763431,4502.189999999999,687.2605261472158,4491.736666666665,1678.195789229142,1265.703333333333,77.12163271601635,1475.6466666666668,270.5460261522892,373.68333333333356,797.1036458537003,491.43333333333277,936.6991547489114,0.03522861309189834,0.2634662202343113,-0.01574048491950688,0.38638019129287177,0.4447337213737509,0.2691667826787258,0.24853803917136635,17.39,196.66,179.56,46.5,40.0,90.98,0.0,0.0,42.09,29.990000000000002,0.0034222649855999887,0.03870170397171327,0.03533650953503933,0.009150967327797554,0.007871799851868864,0.01790440876307573,0.0,0.0,0.008283101394129013,0.0059018819389386815,-0.8660254037844385,-0.5000000000000004,79
2021-09,5111.83,3761.36,1211.42,92,1350.4699999999998,2021,9,0.26418523256018833,0.7358147654835652,0.3590376875411082,5081.43,4908.51,4637.68,4655.42,4716.81,3733.23,5056.53,7068.51,1211.84,1231.22,1354.05,3403.75,364.6199999999999,1175.2800000000002,-418.84999999999945,-2413.09,5033.923333333329,109.66958618603256,5120.935,904.9370302678216,4070.466666666666,559.9264260896069,4726.524999999998,1393.4579225759765,1218.1599999999996,11.312241132893664,1437.345,291.82353563434276,963.4566666666666,525.9533240062825,394.4099999999994,773.498439481722,0.005982567887420265,-0.2025627485470843,-0.0003465804037942644,0.09803841522775941,-0.4678708801885109,0.2976120666812682,0.24065126093037215,16.63,481.95,129.24,52.84,0.0,117.57,0.0,0.0,188.14,19.990000000000002,0.003253238070801967,0.09428130416253806,0.025282530864127857,0.010336806954971495,0.0,0.02299959109947007,0.0,0.0,0.03680482324959002,0.003910536923351252,-1.0,-1.8369701987210297e-16,80
2021-10,5404.4400000000005,3688.31,1199.23,96,1716.1300000000006,2021,10,0.3175407621926773,0.6824592359569923,0.46528897932850294,5111.83,5081.43,4908.51,7672.85,3761.36,4716.81,3733.23,7471.85,1211.42,1211.84,1231.22,2804.3,1350.4699999999998,364.6199999999999,1175.2800000000002,201.0,5199.233333333329,178.36303438271796,4884.511666666666,434.18822910877486,4055.493333333332,573.8805414312984,4120.241666666664,603.9397568105804,1207.4966666666662,7.162222614635802,1335.045,236.0392652719641,1143.74,699.069230977822,764.2699999999995,788.9570161426138,0.05724173132275199,-0.019421166760370853,-0.010062571114373498,-0.2956411238384158,-0.5063725844250453,0.29570508406119506,0.23065516025313657,22.2,195.35999999999999,127.98,49.5,40.0,216.83,0.0,18.29,29.12,42.99,0.004107733633627659,0.03614805597592339,0.023680529298723774,0.00915913580471032,0.007401321862392177,0.0401207154855624,0.0,0.003384254421578823,0.005388162315821505,0.007954570671605992,-0.8660254037844386,0.5000000000000001,81
2021-11,5205.53,4835.67,2896.66,89,369.8599999999997,2021,11,0.07105136254895968,0.9289486355300064,0.0764857815432281,5404.4400000000005,5111.83,5081.43,9783.31,3688.31,3761.36,4716.81,8148.39,1199.23,1211.42,1211.84,3076.75,1716.1300000000006,1350.4699999999998,364.6199999999999,1634.9199999999992,5240.599999999995,149.424167057662,5058.236666666667,262.3921625098804,4095.1133333333323,642.380111797898,4298.651666666664,635.3779342221627,1769.1033333333328,976.5117390143375,1517.4033333333334,678.1096054966298,1145.4866666666667,696.1496630992913,759.5849999999995,791.6460988792005,-0.03680492329121084,0.311080141552418,1.4154332245237924,-0.4679172994948363,-0.40654902329595294,0.7073455011240743,0.5527344186682172,23.580000000000002,159.63,215.7,46.5,0.0,127.92,0.0,0.0,331.8,18.990000000000002,0.004529798109837427,0.03066546532117678,0.04143670281136272,0.008932807977414773,0.0,0.024573866590771997,0.0,0.0,0.06373990724529509,0.0036480435159377757,-0.5000000000000004,0.8660254037844384,82
2021-12,5801.43,5089.32,3307.66,113,712.1100000000006,2021,12,0.12274732243128458,0.8772526758450025,0.1399224255108298,5205.53,5404.4400000000005,5111.83,4665.29,4835.67,3688.31,3761.36,5296.53,2896.66,1199.23,1211.42,2596.04,369.8599999999997,1716.1300000000006,1350.4699999999998,-631.2399999999998,5470.466666666663,303.38728225521083,5252.195,314.32392373146223,4537.7666666666655,746.50321635843,4304.116666666664,643.2920401080856,2467.8499999999995,1117.710954719288,1843.0049999999999,984.0121070749728,932.7000000000003,699.7182928149904,948.0783333333326,553.8743784445371,0.11447441448906383,0.05245395146390472,0.14188755276115403,0.24353041237837225,-0.03912184007430934,0.7289180417777072,0.604639456832496,20.7,449.59000000000003,246.45,46.5,140.0,164.05,0.0,49.32,48.620000000000005,94.50999999999999,0.003568085793385276,0.07749641023420707,0.042480905496608753,0.008015265188039388,0.024131981211301383,0.02827751084081423,0.0,0.008501352238152744,0.008380692332096238,0.016290811030572096,-2.4492935982947064e-16,1.0,83
2022-01,4698.72,10479.27,1304.04,114,-5780.55,2022,1,-1.2302392965951594,2.2302392944669203,-0.551617621693479,5801.43,5205.53,5404.4400000000005,13955.82,5089.32,4835.67,3688.31,19540.95,3307.66,2896.66,1199.23,1489.24,712.1100000000006,369.8599999999997,1716.1300000000006,-5585.130000000001,5235.226666666662,551.9544863792753,5217.2300000000005,367.3901289364517,6801.419999999998,3187.6354947672667,5428.456666666664,2541.294462856759,2502.7866666666664,1058.2889152461332,1855.1416666666667,975.3684152446164,-1566.1933333333334,3653.7494921016787,-211.22666666666737,2781.8258136747763,-0.19007555001081536,1.0590707578633871,-0.6057514962065281,-0.6633146596449977,-0.4637277100326608,0.19173055010316886,0.24908950090205065,1518.83,97.27000000000001,189.7,6288.31,40.0,162.02,0.0,6.12,20.549999999999997,318.47,0.3232433506928624,0.020701382460113858,0.040372697159284446,1.3383027689704798,0.008512956702010428,0.034481731121493234,0.0,0.0013024823754075954,0.004373531505657856,0.06777803302223152,0.49999999999999994,0.8660254037844387,84
2022-02,4541.57,2366.98,1367.01,88,2174.59,2022,2,0.47881899766200026,0.5211810001361182,0.9187192079412618,4698.72,5801.43,5205.53,5257.52,10479.27,5089.32,4835.67,6057.9400000000005,1304.04,3307.66,2896.66,1471.57,-5780.55,712.1100000000006,369.8599999999997,-800.4200000000001,5013.906666666662,686.5266062099972,5127.253333333333,461.38433578374816,5978.523333333332,4128.598332004881,5036.818333333331,2836.787007594406,1992.903333333333,1139.0479026945331,1881.0033333333333,956.78004391124,-964.6166666666664,4234.338477369667,90.43499999999942,2949.823638957194,-0.03344527864302358,-0.774127395539835,0.048288395691172104,-0.13617637187081305,-0.6092764196917163,0.2286534519471864,0.2726436864813793,16.73,66.74,184.23,61.45,80.0,208.69,0.0,40.7,78.48,37.97,0.0036837481230417063,0.014695358621147845,0.040565266987924294,0.01353056318953454,0.01761505378621258,0.045951069683058794,0.0,0.008961658613735652,0.017280367764274544,0.008360544903281145,0.8660254037844386,0.5000000000000001,85
2022-03,5095.929999999999,4535.72,1626.45,96,560.2099999999991,2022,3,0.10993282853192075,0.890067169505729,0.12351071026538059,4541.57,4698.72,5801.43,4285.24,2366.98,10479.27,5089.32,2352.63,1367.01,1304.04,3307.66,1441.23,2174.59,-5780.55,712.1100000000006,1932.61,4778.739999999995,285.71166007163566,5124.6033333333335,461.5362745295439,5793.989999999999,4199.969619616331,5165.878333333331,2784.283365977038,1432.4999999999998,170.8910679335121,1950.175,912.6760109207032,-1015.2500000000003,4205.070601500043,-41.275000000000695,2899.524537214794,0.12206351521156,0.9162477041789635,0.18978646688914888,0.18918193569279207,0.9279359655877211,0.28071329035653625,0.3403512215765012,324.21,63.96,265.63,1079.05,90.0,108.43,0.0,569.6,26.299999999999997,63.84,0.06362136045114168,0.012551192790028138,0.05212591214532792,0.21174741369730865,0.0176611530816531,0.021277764762707176,0.0,0.11177547550344007,0.005160981400527517,0.012527644585919267,1.0,6.123233995736766e-17,86
2022-04,5412.12,6024.21,1005.42,113,-612.0900000000001,2022,4,-0.11309616173866037,1.1130961598909557,-0.10160502356059134,5095.929999999999,4541.57,4698.72,6822.9800000000005,4535.72,2366.98,10479.27,7326.01,1626.45,1367.01,1304.04,1813.03,560.2099999999991,2174.59,-5780.55,-503.02999999999975,5016.5399999999945,440.6715383376635,5125.883333333333,462.4772657619079,4308.969999999998,1839.1287312475285,5555.194999999997,2698.3435503637706,1332.9599999999998,311.9120342331341,1917.8733333333332,947.340565534272,707.5699999999997,1399.1721062113572,-429.31166666666746,2770.203436994715,0.062047555476532255,0.32817060945523396,-0.3818315940740165,-0.20678061461886074,-0.17769563489853873,0.23333186298968936,0.20042100690830553,320.74,416.93,204.16,1417.1,120.0,249.45,0.0,93.77,107.44,27.97,0.05926328304017043,0.0770363552969329,0.03772274074166364,0.26183824404884176,0.022172457332482545,0.04609099567989809,0.0,0.0173259277005574,0.019851740131682706,0.00516803026324614,0.8660254037844387,-0.4999999999999998,87
2022-05,4756.92,3333.75,986.68,89,1423.17,2022,5,0.29917887982312324,0.7008211180746763,0.4268976365147427,5412.12,5095.929999999999,4541.57,4163.18,6024.21,4535.72,2366.98,3765.21,1005.42,1626.45,1367.01,1802.51,-612.0900000000001,560.2099999999991,2174.59,397.97000000000025,5088.323333333329,327.6662265693764,5051.115,482.84047770453617,4631.226666666666,1347.7703422443597,5304.874999999997,2844.1670354235102,1206.183333333333,364.0822025762581,1599.543333333333,870.4440806087401,457.09666666666635,1021.5405457118478,-253.76000000000076,2862.804151813509,-0.12106161703535466,-0.4466079362329535,-0.018638976560651513,0.1426169415143785,-0.11459121771536988,0.21304938602361068,0.19391063291855035,17.72,235.78,245.56,128.5,90.0,119.80000000000001,0.0,17.46,170.44,31.990000000000002,0.0037250994262566966,0.049565685255237246,0.05162163742164754,0.027013277442098506,0.018919805212364714,0.025184362938236587,0.0,0.0036704422111987546,0.035829906671060466,0.00672493965270608,0.49999999999999994,-0.8660254037844387,88
2022-06,4162.93,3111.63,783.19,112,1051.3000000000002,2022,6,0.252538475899094,0.7474615216987518,0.33786150558433525,4756.92,5412.12,5095.929999999999,4637.68,3333.75,6024.21,4535.72,5056.53,986.68,1005.42,1626.45,1354.05,1423.17,-612.0900000000001,560.2099999999991,-418.84999999999945,4777.323333333329,624.8448895799849,4778.031666666667,434.5405821975831,4156.529999999999,1621.2667147635339,4975.2599999999975,2985.2441779391784,925.0966666666664,123.2514642215938,1178.7983333333334,308.2131000084126,620.7933333333334,1083.7771032058479,-197.22833333333415,2888.9215921823375,-0.1248686122010279,-0.0666276713411993,-0.2062370757871135,-0.10236799412126754,-0.3846313571072823,0.18842399744877586,0.16393908130437265,22.99,328.96999999999997,255.18,59.25,80.0,309.27,9.99,244.08,31.29,37.97,0.00552255261192825,0.07902366823601725,0.06129817205358204,0.014232763908514523,0.01921723396930231,0.07429142437107655,0.002399752091916626,0.058631780840341347,0.007516340636243365,0.009120979672680107,1.2246467991473532e-16,-1.0,89
2022-07,417.0,1847.18,541.43,84,-1430.18,2022,7,-3.429688167153761,4.429688143172947,-0.7742504749171685,4162.93,4756.92,5412.12,4908.51,3111.63,3333.75,6024.21,3733.23,783.19,986.68,1005.42,1231.22,1051.3000000000002,1423.17,-612.0900000000001,1175.2800000000002,3112.283333333329,2353.0023831764975,4064.411666666667,1838.5273138402438,2764.186666666665,801.8791951618811,3536.578333333331,1525.1454217799778,770.4333333333329,222.8989457865602,1051.6966666666667,392.07154712730176,348.09666666666675,1551.2165392469424,527.8333333333325,1335.7950654899603,-0.8998301655328576,-0.4063625803634668,-0.30868626631230917,-0.9150455007424952,-0.5052059463113552,0.1958731675289423,0.17396552314549726,26.91,82.50999999999999,254.97,56.25,80.0,205.16,0.0,417.67,27.33,45.370000000000005,0.06453237255318052,0.19786570268907186,0.6114388342580616,0.1348920830961131,0.19184651818113865,0.4919903958755301,0.0,1.0016066906089525,0.06553956677363149,0.10880095662347827,-0.4999999999999997,-0.8660254037844388,90
2022-08,676.0799999999999,177.85,1423.72,14,498.2299999999999,2022,8,0.7369394045536118,0.26306058065523935,2.801405521427859,417.0,4162.93,4756.92,5081.43,1847.18,3111.63,3333.75,4716.81,541.43,783.19,986.68,1211.84,-1430.18,1051.3000000000002,1423.17,364.6199999999999,1752.0033333333286,2091.9383728098487,3420.1633333333334,2265.5546489516933,1712.2199999999987,1471.538964248017,3171.723333333331,2036.8958499408914,916.1133333333331,455.91706530109883,1061.1483333333333,401.75697845438356,39.78333333333334,1302.714764341474,248.43999999999923,1071.676006524669,0.6212949491296174,-0.9037180951303171,1.6295550370397833,-0.8669508369357626,-0.9622944300018562,0.8315052923601804,0.8126240200496748,5.949999999999999,24.98,20.76,0.0,0.0,126.16,0.0,0.0,0.0,0.0,0.008800733510816271,0.03694828959667067,0.030706424820932075,0.0,0.0,0.18660513272682033,0.0,0.0,0.0,0.0,-0.8660254037844385,-0.5000000000000004,91
2022-09,50.0,256.18,1302.63,14,-206.18,2022,9,-4.123599175280165,5.1235989752802045,-0.8048247011935085,676.0799999999999,417.0,4162.93,5111.83,177.85,1847.18,3111.63,3761.36,1423.72,541.43,783.19,1211.42,498.2299999999999,-1430.18,1051.3000000000002,1350.4699999999998,381.0266666666618,314.58639852091426,2579.1749999999997,2448.2617526869903,760.4033333333322,941.9907322439291,2458.466666666664,2206.0017726254046,1089.2599999999998,478.2823211236652,1007.1783333333333,325.05821148956704,-379.3766666666667,975.8017708701211,120.70833333333273,1072.7566223786876,-0.9260442414204793,0.44042730163467525,-0.0850518354377838,-0.9902187651189129,-0.9318916537319171,1.7130776862312878,3.418737006541922,3.83,180.26,19.86,0.0,0.0,52.23,0.0,0.0,0.0,0.0,0.07659998468000306,3.6051992789601437,0.39719992056001585,0.0,0.0,1.0445997910800418,0.0,0.0,0.0,0.0,-1.0,-1.8369701987210297e-16,92
2022-10,14.5,198.77,1272.95,20,-184.27,2022,10,-12.70826709774683,13.708266408092133,-0.9270513192608885,50.0,676.0799999999999,417.0,5404.4400000000005,256.18,177.85,1847.18,3688.31,1302.63,1423.72,541.43,1199.23,-206.18,498.2299999999999,-1430.18,1716.1300000000006,246.85999999999513,372.13897780403255,1679.5716666666667,2175.600679669101,210.93333333333211,40.55683953971438,1487.5599999999977,1487.81477866022,1333.0999999999997,79.86998121604643,1051.7666666666667,342.641788033503,35.92666666666663,400.51628060949247,192.0116666666661,1027.5745470462616,-0.7099998580000284,-0.224100233269567,-0.02278467390752042,-0.9973170189745524,-0.9461081065688401,6.034844846641398,5.156566266038898,4.48,0.0,78.07,0.0,0.0,16.119999999999997,0.0,6.12,19.48,35.5,0.30896530416185924,0.0,5.38413421783847,0.0,0.0,1.111723371225261,0.0,0.422068674435397,1.3434473493466557,2.4482741736040183,-0.8660254037844386,0.5000000000000001,93
2022-11,0.0,324.62,1344.78,27,-324.62,2022,11,-32461999.999999996,32461999.999999996,-0.9999999691947518,14.5,50.0,676.0799999999999,5205.53,198.77,256.18,177.85,4835.67,1272.95,1302.63,1423.72,2896.66,-184.27,-206.18,498.2299999999999,369.8599999999997,21.49999999999515,25.724501958970777,886.7516666666667,1627.6177985806933,259.85666666666543,63.00550796121278,986.038333333331,1224.976090597864,1306.7866666666664,36.09495300985696,1111.45,359.79575100343976,-238.35666666666668,75.50519209473873,-99.28666666666727,839.234933965056,-0.9999993103453032,0.6331438027295968,0.056427981802678905,-0.9999999980789661,-0.9328696934801803,5.175083500837019,62.54787788472207,8.09,16.97,86.63,0.0,40.0,102.28,0.0,45.65,0.0,0.0,808999.9999999999,1696999.9999999998,8662999.999999998,0.0,3999999.9999999995,10228000.0,0.0,4564999.999999999,0.0,0.0,-0.5000000000000004,0.8660254037844384,94
2022-12,150.0,85.84,1291.58,12,64.16,2022,12,0.42773330481777966,0.5722666285155581,0.7474370051914019,0.0,14.5,50.0,5801.43,324.62,198.77,256.18,5089.32,1344.78,1272.95,1302.63,3307.66,-324.62,-184.27,-206.18,712.1100000000006,54.83333333332848,82.73501879113472,217.92999999999998,272.47844208304434,203.07666666666546,119.44824248790813,481.73999999999756,673.668815457387,1303.103333333333,37.27569761632398,1196.1816666666666,325.23233833183895,-148.24333333333334,196.87791301530714,-263.8100000000006,642.1890600132226,14999999.999999998,-0.7355677180836758,-0.0395603738934222,-0.9741443041213214,-0.9831333046789487,6.3600607474979896,23.554646160248982,1.09,32.91,12.2,0.0,0.0,9.64,0.0,0.0,0.0,0.0,0.007266666182222255,0.21939998537333427,0.08133332791111146,0.0,0.0,0.0642666623822225,0.0,0.0,0.0,0.0,-2.4492935982947064e-16,1.0,95
