year_month,total_credit,total_debit,ending_balance,transaction_count,net_savings,year,month,savings_rate,expense_ratio,savings_to_debit_ratio,total_credit_lag_1,total_credit_lag_2,total_credit_lag_3,total_credit_lag_12,total_debit_lag_1,total_debit_lag_2,total_debit_lag_3,total_debit_lag_12,ending_balance_lag_3,ending_balance_lag_12,net_savings_lag_1,net_savings_lag_2,net_savings_lag_3,net_savings_lag_12,total_credit_rollstd_3m,total_debit_rollstd_3m,total_debit_rollstd_6m,ending_balance_rollstd_3m,ending_balance_rollstd_6m,net_savings_rollmean_3m,net_savings_rollstd_3m,net_savings_rollmean_6m,credit_growth_mom,debit_growth_mom,balance_growth_mom,credit_growth_yoy,debit_growth_yoy,emergency_fund_ratio,liquid_wealth_ratio,spend_savings,spend_amazon,spend_groceries,spend_bills,spend_cash,spend_dine_out,spend_supplementary_income,spend_travel,spend_other_shopping,spend_entertainment,spend_savings_to_income,spend_amazon_to_income,spend_dine_out_to_income,spend_travel_to_income,spend_entertainment_to_income,month_sin,month_cos,trend_index,savings_rate_score,emergency_fund_score,savings_consistency_score,expense_ratio_score,balance_trend_score,financial_health_score,financial_health_category
2015-01,14.38,4417.28,9523.29,36,-4402.9,2015,1,-306.1819845744196,307.1819838790098,-0.9967446007571524,0.0,0.0,0.0,0.0,0.0,0.0,0.0,0.0,0.0,0.0,0.0,0.0,0.0,0.0,0.0,0.0,0.0,0.0,0.0,0.0,0.0,0.0,0.0,0.0,0.0,0.0,0.0,0.0,0.0,903.96,46.84,0.0,643.77,0.0,0.0,0.0,497.96,0.0,0.0,62.862265047103584,3.2572995429071328,0.0,34.62862682292988,0.0,0.4999999999999999,0.8660254037844387,0,0.0,0.0,0.0,0.0,50.0,5.0,Poor
2015-02,5.23,2402.46,9511.31,26,-2397.23,2015,2,-458.3605002667299,459.3604983546877,-0.997823060538685,14.38,0.0,0.0,0.0,4417.28,0.0,0.0,0.0,0.0,0.0,-4402.9,0.0,0.0,0.0,0.0,0.0,0.0,0.0,0.0,0.0,0.0,0.0,-0.6362999747566239,-0.4561223185849157,-0.0012579686208675,0.0,0.0,0.0,0.0,303.34,113.05,0.0,92.57,50.0,0.0,0.0,0.0,0.0,0.0,57.99988910155047,21.615637446199912,0.0,0.0,0.0,0.8660254037844386,0.5000000000000001,1,0.0,0.0,0.0,0.0,48.742031379132456,4.874203137913246,Poor
2015-03,590.6899999999999,3283.41,9204.38,29,-2692.72,2015,3,-4.5586008810272585,5.558600864097905,-0.8200986144889044,5.23,14.38,0.0,0.0,2402.46,4417.28,0.0,0.0,0.0,0.0,-2397.23,-4402.9,0.0,0.0,335.40531455737744,1010.0522850988126,0.0,180.76371935024247,0.0,-3164.283333333333,1082.800544991243,0.0,111.9424245842742,0.3666866446613609,-0.032270002731201,0.0,0.0,2.73312184002082,45.24518866564696,303.44,179.44,266.6,280.57,425.0,0.0,0.0,0.0,0.0,0.0,0.5137043032097327,0.3037803195622015,0.0,0.0,0.0,1.0,6.123233995736766e-17,2,0.0,45.55203066701367,0.0,0.0,16.512623298762524,15.316871529980354,Poor
2015-04,0.0,288.13,9193.81,13,-288.13,2015,4,-28813000.0,28813000.0,-0.9999999652934451,590.6899999999999,5.23,14.38,0.0,3283.41,2402.46,4417.28,0.0,9523.29,0.0,-2692.72,-2397.23,-4402.9,0.0,339.5353296786654,1539.381181395087,0.0,180.334873591695,0.0,-1792.6933333333334,1311.3396596737748,0.0,-0.9999999830706464,-0.912246716333791,-0.0011483663200037,0.0,0.0,4.616911593822004,46.28377737194032,2.2,39.37,152.56,0.0,0.0,0.0,0.0,94.0,0.0,0.0,220000.0,3937000.0,0.0,9400000.0,0.0,0.8660254037844387,-0.4999999999999998,3,0.0,76.94852656370007,0.0,0.0,15.40271275430776,24.624829244540795,Poor
2015-05,0.0,155.74,8323.37,18,-155.74,2015,5,-15574000.0,15574000.0,-0.999999935790424,0.0,590.6899999999999,5.23,0.0,288.13,3283.41,2402.46,0.0,9511.31,0.0,-288.13,-2692.72,-2397.23,0.0,341.03503050762004,1768.7824917816588,0.0,505.6276855882497,0.0,-1045.53,1428.0433992354706,0.0,0.0,-0.4594800798431236,-0.0946767443587839,0.0,0.0,6.699284679181995,42.27278053093262,4.890000000000001,94.29,21.0,0.0,0.0,0.0,0.0,0.0,0.0,0.0,489000.0,9429000.0,0.0,0.0,0.0,0.4999999999999999,-0.8660254037844387,4,0.0,100.0,0.0,0.0,0.0,30.0,Poor
2015-06,0.0,68.36,8318.64,9,-68.36,2015,6,-6835999.999999999,6835999.999999999,-0.9999998537156444,0.0,0.0,590.6899999999999,0.0,155.74,288.13,3283.41,0.0,9204.38,0.0,-155.74,-288.13,-2692.72,0.0,0.0,110.65052296909896,1865.2536586105389,503.91975144857633,554.2113208034145,-170.74333333333334,110.65052296908094,-1667.513333333333,0.0,-0.5610632746203111,-0.0005682794342097,0.0,0.0,48.72014239383817,831863999.9999999,3.71,45.2,15.46,3.99,0.0,0.0,0.0,0.0,0.0,0.0,371000.0,4520000.0,0.0,0.0,0.0,1.2246467991473532e-16,-1.0,5,0.0,100.0,0.0,0.0,0.0,30.0,Poor
2015-07,3608.82,2263.65,8914.52,33,1345.17,2015,7,0.3727451067863038,0.6272548904427073,0.5942482247951395,0.0,0.0,0.0,0.0,68.36,155.74,288.13,0.0,9193.81,0.0,-68.36,-155.74,-288.13,0.0,2083.553198456905,1242.9949059026758,1403.9314816530994,342.6742062562164,494.4971573932433,373.69000000000005,842.4600043325485,-709.5016666666667,360882000.0,32.1136582630693,0.0716319012823829,0.0,0.0,10.750099357852283,7.410610608919725,5.37,122.29,316.51,0.0,548.0,0.0,0.0,33.5,208.38,0.0,0.0014880210110561,0.0338864226149089,0.0,0.0092828126388048,0.0,-0.4999999999999997,-0.8660254037844388,6,100.0,100.0,16.666666666666664,74.54902191145854,19.62195219433308,72.7504307439125,Good
2015-08,3043.03,723.43,8912.35,48,2319.6000000000004,2015,8,0.7622665541836047,0.237733442530197,3.206391728206023,3608.82,0.0,0.0,0.0,2263.65,68.36,155.74,0.0,8323.37,0.0,1345.17,-68.36,-155.74,0.0,1940.950441467616,1126.9939764257845,1332.1142606047977,343.4067674056481,400.6197022322596,1198.8033333333335,1200.6896523387427,76.63666666666677,-0.1567797779972961,-0.6804143720079766,-0.0002434230892483,0.0,0.0,8.750638120035365,4.019490800215771,9.47,140.1,0.0,27.78,200.0,83.25,0.0,35.2,18.61,0.0,0.0031120297758746,0.0460396379725482,0.0273576007224457,0.0115674179631241,0.0,-0.8660254037844385,-0.5000000000000004,7,100.0,100.0,33.33333333333333,100.0,100.0,86.66666666666667,Excellent
2015-09,3472.32,738.78,8847.52,41,2733.54,2015,9,0.7872373491290049,0.2127626479910761,3.70007304339488,3043.03,3608.82,0.0,0.0,723.43,2263.65,68.36,0.0,8318.64,0.0,2319.6000000000004,1345.17,-68.36,0.0,295.2514403577628,884.8485546314324,813.8350326550627,38.07150684346359,354.39217030948106,2132.7700000000004,712.7916251612363,981.0133333333332,0.1410732061758405,0.0212183622296786,-0.0072741757142906,0.0,0.0,7.123874699071828,2.6217023144957987,8.67,163.29,0.0,45.45,50.0,0.0,0.0,0.0,100.9,0.0,0.0024968896803955,0.0470261956068962,0.0,0.0,0.0,-1.0,-1.8369701987210292e-16,8,100.0,100.0,50.0,100.0,100.0,90.0,Excellent
2015-10,3068.67,1696.08,8646.23,59,1372.59,2015,10,0.4472914961618828,0.5527085005793764,0.8092719635319563,3472.32,3043.03,3608.82,0.0,738.78,723.43,2263.65,0.0,8914.52,0.0,2733.54,2319.6000000000004,1345.17,0.0,240.79058543334608,557.1814388808506,870.162318091669,138.76866084722042,280.59207753723933,2141.9100000000003,697.6578872914693,1257.8,-0.1162479261236063,1.2957849252039184,-0.0227510081664116,0.0,0.0,8.212890441857235,2.706451981403048,5.1,150.84,256.11,37.78,542.86,40.48,0.0,70.5,171.39,0.0,0.0016619577808563,0.0491548454243863,0.0131913825429538,0.0229741222647788,0.0,-0.8660254037844386,0.5000000000000001,9,100.0,100.0,66.66666666666666,89.45829988412473,19.904156398881554,84.26957896163395,Excellent
2015-11,3239.16,1022.08,8462.87,52,2217.08,2015,11,0.684461401460683,0.3155385954520968,2.1691843870422627,3068.67,3472.32,3043.03,0.0,1696.08,738.78,723.43,0.0,8912.35,0.0,1372.59,2733.54,2319.6000000000004,0.0,202.63421404096644,491.7584400224718,781.1210679700471,192.39463618648125,251.3302130199716,2107.7366666666667,687.0321673934415,1653.2699999999998,0.0555582709918033,-0.3973869133685503,-0.0212069306261722,0.0,0.0,7.344243689411066,2.5959325697583395,16.19,342.39,12.25,37.78,70.0,5.25,0.0,26.1,69.02,0.0,0.0049982093968862,0.1057033301667613,0.0016207905703306,0.0080576445496435,0.0,-0.5000000000000004,0.8660254037844384,10,100.0,100.0,83.33333333333334,100.0,0.0,86.66666666666667,Excellent
2015-12,4739.91,989.33,12250.54,61,3750.58,2015,12,0.7912766259459006,0.2087233719443547,3.7910302549095833,3239.16,3068.67,3472.32,0.0,1022.08,1696.08,738.78,0.0,8847.52,0.0,2217.08,1372.59,2733.54,0.0,919.6340341135708,398.9244132664753,613.8813479954143,2135.8493819633795,1437.2449550824665,2446.75,1205.516628545619,2289.76,0.4633145616045068,-0.0320425012519323,0.4475632965559398,0.0,0.0,9.91280346072839,3.326618828846573,10.3,378.4,54.99,37.78,140.0,28.99,0.0,127.7,84.7,26.0,0.0021730370362031,0.0798327392717736,0.0061161498717989,0.0269414397595282,0.0054853362078914,-2.4492935982947064e-16,1.0,11,100.0,100.0,100.0,100.0,100.0,100.0,Excellent
2016-01,3391.26,14506.93,15159.66,120,-11115.67,2016,1,-3.2777404171967337,4.277740414247977,-0.7662317245852626,4739.91,3239.16,3068.67,14.38,989.33,1022.08,1696.08,4417.28,8646.23,9523.29,3750.58,2217.08,1372.59,-4402.9,826.0590974621612,7794.953087789132,5511.659984561517,3357.985991319804,2739.631610822278,-1716.003333333333,8176.380962616244,212.95333333333323,-0.2845307183374141,13.663388215626856,0.2374687154709353,234.83154740504352,2.284131858781577,2.7532415434845605,3.999794190670471,2707.34,172.97,0.0,2129.1,200.0,0.0,0.0,1591.79,16.62,0.0,0.7983286424564066,0.0510046411923454,0.0,0.4693801110225104,0.0,0.4999999999999999,0.8660254037844387,12,0.0,45.88735905807601,83.33333333333334,0.0,100.0,40.43287438408947,Fair
2016-02,6670.639999999999,1023.21,14994.22,45,5647.429999999999,2016,2,0.846609919218231,0.1533900792826624,5.519326379537667,3391.26,4739.91,3239.16,5.23,14506.93,989.33,1022.08,2402.46,8462.87,9511.31,-11115.67,3750.58,2217.08,-2397.23,1648.2772996778583,7794.628093039461,5485.150656291645,1633.918067631734,3178.105159856525,-572.5533333333336,9179.732663091738,767.5916666666662,0.9670093093215812,-0.9294675021321068,-0.0109131735072467,1274.454542151927,-0.5740990460856827,2.723008663008543,3.038997251608424,7.0,317.83,0.0,27.99,320.0,0.0,0.0,146.1,116.92,0.0,0.0010493745711815,0.0476461028512315,0.0,0.0219019464070884,0.0,0.8660254037844386,0.5000000000000001,13,100.0,45.38347771680905,83.33333333333334,100.0,100.0,80.28170998170938,Excellent
2016-03,3234.66,4491.49,15581.27,93,-1256.83,2016,3,-0.3885508820446325,1.3885508789531174,-0.2798247345984857,6670.639999999999,3391.26,4739.91,590.6899999999999,1023.21,14506.93,989.33,3283.41,12250.54,9204.38,5647.429999999999,-11115.67,3750.58,-2692.72,1940.1381095513104,7001.770128455612,5342.777902210298,302.69706754461805,3286.330602793437,-2241.69,8424.83485400159,102.52999999999976,-0.515090005584037,3.3896071833777306,0.0391517531160996,4.476070282617443,0.3679345547222717,2.334665555699513,3.515481439901415,612.44,526.94,241.45,630.94,290.0,0.0,0.0,177.14999999999998,18.21,0.0,0.1893367457805867,0.1629042923741466,0.0,0.0547661885491328,0.0,1.0,6.123233995736766e-17,14,0.0,38.91109259499188,66.66666666666666,0.0,100.0,35.006661111830894,Poor
2016-04,3582.43,3868.83,15557.07,82,-286.4000000000001,2016,4,-0.0799457349342604,1.0799457321428592,-0.0740275481889161,3234.66,6670.639999999999,3391.26,0.0,4491.49,1023.21,14506.93,288.13,15159.66,9193.81,-1256.83,5647.429999999999,-11115.67,-288.13,1891.38148529058,1849.0639441980743,5231.537336395169,332.16799589983555,2839.565700389764,1368.0666666666664,3737.665916080962,-173.9683333333336,0.1075136177913177,-0.1386310553098614,-0.0015531468220799,358242999.99999994,12.427376100115362,4.973736946627537,3.4602716614427966,312.74,355.5,262.9,242.56,480.0,56.35,0.0,17.380000000000003,38.92,0.0,0.0872982861150161,0.0992343183279664,0.0157295466604244,0.0048514555627005,0.0,0.8660254037844387,-0.4999999999999998,15,0.0,82.89561577712561,50.0,0.0,76.21496786457284,42.49018151959497,Fair
2016-05,4445.37,2292.96,14953.92,54,2152.41,2016,5,0.4841914160481773,0.5158085817022913,0.938703680226852,3582.43,3234.66,6670.639999999999,0.0,3868.83,4491.49,1023.21,155.74,14994.22,8323.37,-286.4000000000001,-1256.83,5647.429999999999,-155.74,623.3549177100751,1133.1817957562405,5095.410098668865,355.42077996854124,1253.692015028682,203.06,1756.5328528382274,-184.7466666666669,0.2408811889112106,-0.4073246940100115,-0.0387701539950837,444537000.0,13.722998990432838,4.211074887139712,3.983300263042088,10.52,176.97,0.0,27.99,420.0,59.25,0.0,1077.62,21.82,0.0,0.0023665071695572,0.0398099594863645,0.0133284743152347,0.2424140167355832,0.0,0.4999999999999999,-0.8660254037844387,16,100.0,70.18458145232853,50.0,96.83828365954174,47.31229767382884,75.47043256903561,Good
2016-06,3635.63,2736.04,14771.31,56,899.5900000000001,2016,6,0.2474371697685486,0.7525628274808964,0.3287927065072415,4445.37,3582.43,3234.66,0.0,2292.96,3868.83,4491.49,68.36,15581.27,8318.64,2152.41,-286.4000000000001,-1256.83,-68.36,483.59324354254704,812.7011881579483,4898.850696083725,411.20860727872576,333.3511423559423,921.8666666666668,1219.5576007033592,-659.9116666666669,-0.182153566110012,0.1932349443809095,-0.0122115137621363,363563000.0,39.023984929200566,4.980307541343313,3.799390906964613,7.47,272.18,235.83,163.43,200.0,0.0,0.0,374.34,16.83,0.0,0.0020546645229171,0.0748646037279244,0.0,0.1029642727588773,0.0,1.2246467991473532e-16,-1.0,17,82.4790565895162,83.00512568905522,50.0,49.487434503820715,0.0,64.59399813395349,Good
2016-07,4111.49,2528.43,14729.92,59,1583.06,2016,7,0.3850331622233469,0.6149668353444449,0.6261039434506632,3635.63,4445.37,3582.43,3608.82,2736.04,2292.96,3868.83,2263.65,15557.07,8914.52,899.5900000000001,2152.41,-286.4000000000001,1345.17,406.9392791723778,221.68593377420987,1224.1027555669762,119.1886069783458,378.95480497900826,1545.0199999999998,627.2756724917672,1456.543333333333,0.1308879062751491,-0.0758797383229787,-0.0028020534381838,0.1392892963924791,0.1169703791797742,5.847194062609137,3.624342516686069,13.47,282.29,231.6,27.99,420.0,0.0,0.0,1163.84,72.81,0.0,0.0032761845382667,0.068658807224002,0.0,0.2830701271727035,0.0,-0.4999999999999997,-0.8660254037844388,18,100.0,97.45323437681895,66.66666666666666,77.00663293111103,0.0,80.26996693949012,Excellent
2016-08,3285.62,2472.79,14716.89,73,812.8299999999999,2016,8,0.2473901417467931,0.7526098552096412,0.3287096747855269,4111.49,3635.63,4445.37,3043.03,2528.43,2736.04,2292.96,723.43,14953.92,8912.35,1583.06,899.5900000000001,2152.41,2319.6000000000004,414.53005451957466,138.7433386989913,897.0949595890045,28.414929763016893,409.79575434600525,1098.493333333333,421.88323649243694,650.7766666666665,-0.2008687843072249,-0.0220057505170965,-0.0008845940773035,0.0797198841952924,2.418146850170068,5.706240946900165,4.00178649002391,8.209999999999999,589.63,368.5,27.99,390.0,0.0,0.0,400.4,17.32,0.0,0.0024987673483276,0.1794577578068743,0.0,0.1218643661717898,0.0,-0.8660254037844385,-0.5000000000000004,19,82.46338058226436,95.10401578166942,66.66666666666666,49.47802895807176,34.14930668069017,74.96628580638965,Good
2016-09,3202.4300000000003,1883.24,14628.8,56,1319.1900000000005,2016,9,0.4119340612849179,0.5880659355924533,0.7004895780649862,3285.62,4111.49,3635.63,3472.32,2472.79,2528.43,2736.04,738.78,14771.31,8847.52,812.8299999999999,1583.06,899.5900000000001,2733.54,502.5554557459321,357.5227610936275,671.151441134313,55.007398594217136,342.6135212013844,1238.36,391.4251906814377,1080.1133333333337,-0.0253194221324454,-0.2384149068929633,-0.0059856396249577,-0.0777261310082995,1.5491215037071728,6.374704742094347,4.140406081375966,8.559999999999999,626.16,194.15,27.99,230.0,20.3,0.0,230.6,52.68,0.0,0.0026729702048976,0.1955265214367635,0.0063389363503997,0.0720078188375458,0.0,-1.0,-1.8369701987210292e-16,20,100.0,100.0,83.33333333333334,82.38681288150933,40.35224364639814,88.94057231945742,Excellent
2016-10,4287.79,2581.6,17795.56,46,1706.19,2016,10,0.3979182739874894,0.6020817236803069,0.6609040879264638,3202.4300000000003,3285.62,4111.49,3068.67,1883.24,2472.79,2528.43,1696.08,14729.92,8646.23,1319.1900000000005,812.8299999999999,1583.06,1372.59,604.0518209833779,375.7471464074536,298.22356799331874,1803.4382770419743,1243.8418941274967,1279.4033333333334,448.0069826836778,1412.2116666666668,0.3389176333630472,0.3708289948661402,0.2164743518152725,0.397279601921094,0.5220980111663482,7.695233065058673,4.954294036601432,6.66,181.99,0.0,27.99,1381.22,0.0,0.0,727.9000000000001,105.63,14.6,0.0015532477067364,0.0424437762986438,0.0,0.1697611119719923,0.003405017495248,-0.8660254037844386,0.5000000000000001,21,100.0,100.0,100.0,79.58365526393862,100.0,97.95836552639386,Excellent
2016-11,3267.59,2251.22,16661.38,62,1016.3700000000003,2016,11,0.3110457544825216,0.6889542424571189,0.4514751981082472,4287.79,3202.4300000000003,3285.62,3239.16,2581.6,1883.24,2472.79,1022.08,14716.89,8462.87,1706.19,1319.1900000000005,812.8299999999999,2217.08,608.6953528106935,349.3486592694248,302.1246893364818,1604.4788679610172,1349.0199234506065,1347.2500000000002,345.76499360114445,1222.871666666667,-0.2379314279898702,-0.1279748987915444,-0.0637338751555254,0.008776966840857,1.2025868698870257,7.442479634893913,4.646311829323128,8.34,691.16,322.65,31.48,770.0,0.0,0.0,148.57,37.28,0.0,0.0025523397900215,0.2115198044689823,0.0,0.0454677605040174,0.0,-0.5000000000000004,0.8660254037844384,22,100.0,100.0,100.0,62.20915150857622,100.0,96.22091515085762,Excellent
2016-12,4861.01,863.0,18726.72,47,3998.01,2016,12,0.8224648770060855,0.1775351209367289,4.632688242958421,3267.59,4287.79,3202.4300000000003,4739.91,2251.22,2581.6,1883.24,989.33,14628.8,12250.54,1016.3700000000003,1706.19,1319.1900000000005,3750.58,807.0911250492936,911.9477025210088,656.4175168188812,1034.3317112674663,1787.27902724132,2240.19,1560.9007887755065,1739.2750000000003,0.487643797148223,-0.6166523013448161,0.1239597199487919,0.025549008260602,-0.1276924774575473,9.863401530262186,4.52467745167957,8.15,331.32,0.0,31.48,320.0,0.0,0.0,72.6,52.41,0.0,0.0016766062985334,0.0681586747030788,0.0,0.0149351677636228,0.0,-2.4492935982947064e-16,1.0,23,100.0,100.0,100.0,100.0,100.0,100.0,Excellent
2017-01,3281.35,11792.21,18386.54,85,-8510.859999999999,2017,1,-2.593706850553257,3.593706847505731,-0.7217357893713428,4861.01,3267.59,4287.79,3391.26,863.0,2251.22,2581.6,14506.93,17795.56,15159.66,3998.01,1016.3700000000003,1706.19,-11115.67,916.0151335722215,5949.863810382553,4041.478924030986,1107.3638948422313,1805.0447443069136,-1165.4933333333329,6533.632440934624,56.95500000000023,-0.3249653871829818,12.664206110495872,-0.0181654875930406,-0.032409782699027,-0.1871326323438987,3.700391031855936,4.834343696069631,2106.38,87.76,210.85,1146.24,520.0,0.0,0.0,334.9,18.82,20.0,0.6419248155730879,0.0267450895919512,0.0,0.1020616511433963,0.0060950523226871,0.4999999999999999,0.8660254037844387,24,0.0,61.6731838642656,83.33333333333334,0.0,83.20940727169618,43.48956255311597,Fair
2017-02,3805.26,4631.05,14073.21,52,-825.79,2017,2,-0.2170127659686518,1.2170127633407104,-0.1783159322868119,3281.35,4861.01,3267.59,6670.639999999999,11792.21,863.0,2251.22,1023.21,16661.38,14994.22,-8510.859999999999,3998.01,1016.3700000000003,5647.429999999999,804.613309422608,5551.697106474138,4012.687175336081,2594.086012497171,1966.864532434812,-1779.5466666666662,6308.739652548149,-216.1483333333332,0.1596629431189513,-0.6072788725715714,-0.2345917175093347,-0.4295509869674409,3.5260014706071923,2.442380823077321,3.5337272104392485,605.24,138.1,0.0,562.5,626.0,3.1,0.0,0.0,16.83,0.0,0.1590535202350075,0.0362918695797609,0.0008146618080902,0.0,0.0,0.8660254037844386,0.5000000000000001,25,0.0,40.70634705128868,66.66666666666666,0.0,0.0,25.545237448719938,Poor
2017-03,5238.889999999999,6737.4,17133.86,99,-1498.5100000000002,2017,3,-0.2860357818430321,1.2860357799342308,-0.2224166589152839,3805.26,3281.35,4861.01,3234.66,4631.05,11792.21,863.0,4491.49,18726.72,15581.27,-825.79,-8510.859999999999,3998.01,-1256.83,1013.388664876414,3680.353855364996,3989.738811750295,2218.91870415152,1681.3661772231558,-3611.7199999999993,4256.091822822907,-685.765,0.3767495509459284,0.4548320565426154,0.2174805888511004,0.6196107145121565,0.5000367350254888,2.2193486685361963,4.170344397784242,949.16,408.8,0.0,1119.93,490.0,267.3,0.0,507.94,99.33,24.48,0.1811757830739416,0.0780317966629729,0.0510222584344732,0.0969556526345167,0.0046727455535948,1.0,6.123233995736766e-17,26,0.0,36.98914447560327,50.0,0.0,0.0,21.09674334268098,Poor
2017-04,3289.94,1898.93,18315.27,56,1391.01,2017,4,0.4228071015799464,0.5771928953804845,0.7325230485982999,5238.889999999999,3805.26,3281.35,3582.43,6737.4,4631.05,11792.21,3868.83,18386.54,15557.07,-1498.5100000000002,-825.79,-8510.859999999999,-286.4000000000001,1009.889084817404,2425.96997638058,4074.804703554514,2189.306627458442,1735.0684419315205,-311.09666666666703,1511.9568043212555,-738.2950000000001,-0.3720158270702078,-0.7181509176861238,0.0689517714811771,-0.0816456983621572,-0.5091720222672693,4.141421281048509,4.454792357308584,6.52,356.46,0.0,31.48,710.0,0.0,0.0,363.93,31.13,0.0,0.0019817990541414,0.1083484801900688,0.0,0.1106190383088474,0.0,0.8660254037844387,-0.4999999999999998,27,100.0,69.02368801747515,50.0,84.56142092390311,46.12379490859953,73.7756279884928,Good
2017-05,3138.65,1669.46,18242.96,61,1469.19,2017,5,0.4680961544992396,0.5319038423146771,0.8800390492731839,3289.94,5238.889999999999,3805.26,4445.37,1898.93,6737.4,4631.05,2292.96,14073.21,14953.92,1391.01,-1498.5100000000002,-825.79,2152.41,1171.3455812440666,2862.034948115296,4150.815097046602,662.2010185989595,1753.963518582984,453.8966666666663,1691.285567884188,-662.8249999999999,-0.0459856409357445,-0.1208417365524704,-0.0039480717434425,-0.2939507840878244,-0.2719192647411238,5.310498257841954,4.69071983489823,11.23,238.96,112.42,31.48,890.0,0.0,0.0,189.0,18.06,0.0,0.003577971409434,0.0761346436329802,0.0,0.0602169720732895,0.0,0.4999999999999999,-0.8660254037844387,28,100.0,88.5083042973659,50.0,93.61923153706458,100.0,85.91441444291623,Excellent
2017-06,4689.8,8026.38,17002.13,72,-3336.58,2017,6,-0.7114546447365461,1.711454642604259,-0.41570172304862,3138.65,3289.94,5238.889999999999,3635.63,1669.46,1898.93,6737.4,2736.04,17133.86,14771.31,1469.19,1391.01,-1498.5100000000002,899.5900000000001,855.2351534519618,3605.75308522829,3882.9856607173633,738.15360693659,1646.7822879715077,-158.79333333333366,2752.321584087394,-1885.256666666667,0.4942092922300693,3.807770154374648,-0.068016922655086,0.2899552476738413,1.933575525454396,4.39908595582555,4.587569770656804,12.54,519.61,323.2,39.58,830.0,52.78,0.0,129.1,20.79,144.06,0.0026738880065804,0.1107957693061628,0.0112542112430077,0.027527826287842,0.0307177277693766,1.2246467991473532e-16,-1.0,29,0.0,73.31809926375917,33.33333333333333,0.0,42.31171493620721,32.89326793941514,Poor
2017-07,5146.879999999999,1616.99,18206.15,42,3529.8899999999994,2017,7,0.6858310263969025,0.3141689716601729,2.183000499799006,4689.8,3138.65,3289.94,4111.49,8026.38,1669.46,1898.93,2528.43,18315.27,14729.92,-3336.58,1469.19,1391.01,1583.06,1052.613903717788,3685.409637100512,2813.249366461612,706.0073447919389,1622.0806984569767,554.1666666666662,3523.5001547656184,121.5349999999997,0.0974625781537321,-0.7985405615002772,0.0708158330333812,0.251828411958126,-0.36047665800328,4.828009424269586,4.209407381062199,9.6,117.7,0.0,155.70999999999998,390.0,16.19,0.0,0.0,386.73,0.0,0.0018652076561621,0.0228682230344048,0.0031455949951318,0.0,0.0,-0.4999999999999997,-0.8660254037844388,30,100.0,80.46682373782645,50.0,100.0,44.042129876304294,78.54426010897836,Good
2017-08,3436.08,2470.78,18287.0,60,965.2999999999996,2017,8,0.2809305945119711,0.7190694025777357,0.3906863403836586,5146.879999999999,4689.8,3138.65,3285.62,1616.99,8026.38,1669.46,2472.79,18242.96,14716.89,3529.8899999999994,-3336.58,1469.19,812.8299999999999,885.7739181830395,3480.276064150658,2868.87290419542,719.6170045935299,619.5439194574152,386.2033333333328,3469.6710618203188,420.04999999999967,-0.3323955477252324,0.5280119201231183,0.0044408070874726,0.0457934878476711,-0.000812847023755,4.528671005736255,4.133352812527268,3.07,210.44,0.0,25.0,850.0,48.05,0.0,186.9,257.22,41.6,0.0008934599866898,0.0612442083384432,0.0139839584235991,0.0543933783427819,0.0121068193636154,-0.8660254037844385,-0.5000000000000004,31,93.64353150399037,75.47785009560425,66.66666666666666,56.18611948445287,52.41408192397835,74.92976795405485,Good
2017-09,3360.97,1840.32,16839.11,54,1520.65,2017,9,0.4524437872029688,0.5475562098216996,0.8262965091598391,3436.08,5146.879999999999,4689.8,3202.4300000000003,2470.78,1616.99,8026.38,1883.24,17002.13,14628.8,965.2999999999996,3529.8899999999994,-3336.58,1319.1900000000005,1010.1116011114814,442.7778721887519,2519.797299329187,813.6052007578143,696.0344735619474,2005.2799999999995,1349.233169137196,923.243333333333,-0.0218592115961816,-0.2551663836716892,-0.0791759172750172,0.0495061561079985,-0.022790509851158,8.521687380648634,4.229540015146924,9.38,126.58,0.0,0.0,530.0,48.2,0.0,606.64,29.36,0.0,0.00279086096338,0.0376617463480431,0.0143410979141703,0.1804955111753585,0.0,-1.0,-1.8369701987210292e-16,32,100.0,100.0,83.33333333333334,90.48875803566008,40.41178958729769,89.75672142896245,Excellent
2017-10,4566.32,3044.59,16817.03,67,1521.7299999999996,2017,10,0.3332508445898429,0.6667491532202099,0.4998144232891309,3360.97,3436.08,5146.879999999999,4287.79,1840.32,2470.78,1616.99,2581.6,18206.15,17795.56,1520.65,965.2999999999996,3529.8899999999994,1706.19,675.2718702122879,602.3570315297491,2469.8170999731938,842.3859744203662,747.6873593421228,1335.8933333333327,320.94369542543984,945.0299999999996,0.3586315844573691,0.6543807563120505,-0.0013112331938498,0.0649588714350308,0.1793422676660123,6.858784124159182,4.439799977190393,10.41,266.99,682.13,194.23,470.0,81.15,0.0,0.0,92.66,13.66,0.0022797350989861,0.0584694019287535,0.0177714220252382,0.0,0.0029914679589002,-0.8660254037844386,0.5000000000000001,33,100.0,100.0,83.33333333333334,66.65016935595803,0.0,83.33168360226247,Excellent
2017-11,4431.74,899.27,18236.89,51,3532.47,2017,11,0.797084213430652,0.2029157843128979,3.928152791395768,4566.32,3360.97,3436.08,3267.59,3044.59,1840.32,2470.78,2251.22,18287.0,16661.38,1521.7299999999996,1520.65,965.2999999999996,1016.3700000000003,660.4958732901628,1075.3479466200688,2577.420263680333,813.4575254636735,746.5910618917584,2191.6166666666663,1161.2131749740588,1288.9099999999996,-0.0294723102422249,-0.7046334622900506,0.084429890364452,0.3562717465891626,-0.6005410373018139,9.458673436206997,4.426777009781245,9.27,169.54,0.0,27.0,290.0,82.95,0.0,0.0,75.41,92.98,0.002091729203221,0.0382558542733647,0.0187172532262333,0.0,0.0209804726338177,-0.5000000000000004,0.8660254037844384,34,100.0,100.0,83.33333333333334,100.0,47.25980204666711,91.39264687133338,Excellent
2017-12,3180.97,1320.57,20345.62,54,1860.4,2017,12,0.5848530461310448,0.41514695072526,1.4087855894894965,4431.74,4566.32,3360.97,4861.01,899.27,3044.59,1840.32,863.0,16839.11,18726.72,3532.47,1521.7299999999996,1520.65,3998.01,763.9515682511128,1136.671790271932,780.9683013285497,1775.4667001759058,1291.5684484635906,2304.8666666666663,1076.5369479183396,2155.0733333333333,-0.2822300038309332,0.4684911042457648,0.1156299127122936,-0.3456154166611149,0.5302085685954974,11.594201015527595,5.01163556125988,8.54,240.32,0.0,27.0,436.15,20.2,0.0,352.8,178.97,0.0,0.0026847156600511,0.0755492818997058,0.006350264207615,0.110909564972604,0.0,-2.4492935982947064e-16,1.0,35,100.0,100.0,100.0,100.0,100.0,100.0,Excellent
2018-01,3238.07,13789.57,16183.16,110,-10551.5,2018,1,-3.258576858256378,4.258576855168118,-0.7651797693726637,3180.97,4431.74,4566.32,3281.35,1320.57,899.27,3044.59,11792.21,16817.03,18386.54,1860.4,3532.47,1521.7299999999996,-8510.859999999999,706.2263650086524,7323.629436966346,4908.725073171919,2081.290560261471,1510.6653050284351,-1719.5433333333335,7694.254248634715,-191.82500000000013,0.0179504993195457,9.442134764214432,-0.2045875229142254,-0.0131896932262949,0.169379615721413,3.0325589705693856,4.47428478558882,2109.34,190.62,196.22,2976.7200000000003,290.0,90.99,0.0,457.8,161.76,0.0,0.6514188987532114,0.058868399821905,0.0281000718696628,0.1413805132644429,0.0,0.4999999999999999,0.8660254037844387,36,0.0,50.542649509489756,83.33333333333334,0.0,12.307851051994465,33.06024662471304,Poor
2018-02,4404.83,6018.69,16288.76,72,-1613.8599999999997,2018,2,-0.3663841729047791,1.366384170634544,-0.2681414057408814,3238.07,3180.97,4431.74,3805.26,13789.57,1320.57,899.27,4631.05,18236.89,14073.21,-10551.5,1860.4,3532.47,-825.79,690.702855454742,6297.286035915259,4916.653669301577,2373.300713886355,1595.6811693996588,-3434.986666666668,6403.217328385268,-621.6850000000001,0.3603257484849747,-0.563533162699393,0.0065253016057894,0.1575634775085972,0.2996383103191752,2.312777372462965,4.514677270196304,611.24,297.39,0.0,468.95,200.0,32.02,14.99,0.0,17.26,95.01,0.1387658544398629,0.0675145236762496,0.0072692930095615,0.0,0.0215695043359913,0.8660254037844386,0.5000000000000001,37,0.0,38.54628954104942,66.66666666666666,0.0,0.0,24.89722019564816,Poor
2018-03,3449.0,7327.03,16452.72,77,-3878.03,2018,3,-1.124392574298659,2.124392571399268,-0.5292772098254311,4404.83,3238.07,3180.97,5238.889999999999,6018.69,13789.57,1320.57,6737.4,20345.62,17133.86,-1613.8599999999997,-10551.5,1860.4,-1498.5100000000002,621.7490586241372,4160.58394903087,4835.853236704631,135.82883542693264,1632.718670618629,-5347.796666666667,4646.559235954425,-1521.465,-0.2169958881114688,0.2173795290713103,0.0100658368039889,-0.3416544337795707,0.087515955580022,1.8189656327767656,4.449928314040168,908.1,249.79,22.5,922.92,310.0,23.53,0.0,226.19,17.26,7.99,0.2632937075578611,0.0724238907729084,0.0068222673040815,0.0655813277309906,0.0023166135044458,1.0,6.123233995736766e-17,38,0.0,30.316093879612758,50.0,0.0,0.0,19.094828163883825,Poor
2018-04,3675.18,1631.35,16407.86,73,2043.8300000000004,2018,4,0.5561169777912458,0.4438830194877992,1.2528457948763556,3449.0,4404.83,3238.07,3289.94,7327.03,6018.69,13789.57,1898.93,16183.16,18315.27,-3878.03,-1613.8599999999997,-10551.5,1391.01,499.5260259819647,2983.3224346244124,5004.98037432982,84.73499001852613,1669.4367078558755,-1149.3533333333337,2988.1317403075377,-1434.448333333333,0.0655784283398711,-0.7773518045137637,-0.0027266008278712,0.1170963600640243,-0.1409109333102804,3.286596103336775,4.269540912178389,8.44,197.55,0.0,39.0,290.0,24.65,30.58,841.66,23.18,7.99,0.0022964861522524,0.0537524691205533,0.0067071544612586,0.2290119117185772,0.002174043170201,0.8660254037844387,-0.4999999999999998,39,100.0,54.77660172227958,50.0,100.0,63.88480370095536,72.8214608867794,Good
2018-05,3234.03,2070.1,15891.93,48,1163.9299999999998,2018,5,0.3599008037652686,0.6400991931426139,0.5622578592229464,3675.18,3449.0,4404.83,3138.65,1631.35,7327.03,6018.69,1669.46,16288.76,18242.96,2043.8300000000004,-3878.03,-1613.8599999999997,1469.19,220.59873669931625,3169.347599790847,4825.018057443584,311.6305527919787,1686.025973114493,-223.423333333334,3195.413653743964,-1829.205,-0.1200349367376972,0.2689490282958959,-0.0314440761735875,0.0303888613563511,0.2399817890816084,4.322970152760027,4.602705473428211,4.4,329.74,0.0,27.0,515.62,19.48,0.0,208.88,131.54,12.24,0.0013605315925933,0.1019594743958482,0.0060234444144814,0.0645881452411135,0.0037847515212142,0.4999999999999999,-0.8660254037844387,40,100.0,72.04950254600044,50.0,71.98016137147722,25.63780178746707,71.37664707969456,Good
2018-06,3804.79,1443.53,15830.82,42,2361.26,2018,6,0.6206019238365273,0.3793980735352067,1.6357540083285145,3234.03,3675.18,3449.0,4689.8,2070.1,1631.35,7327.03,8026.38,16452.72,17002.13,1163.9299999999998,2043.8300000000004,-3878.03,-3336.58,299.21537733434457,321.5503796193482,4804.650438963275,316.9893159610041,261.8946371158079,1856.34,620.2936057223286,-1745.7283333333337,0.176485684497405,-0.3026761977552958,-0.0038453479194501,-0.1887095394500628,-0.8201517984195219,9.230834662734344,4.432747794196151,5.38,145.85000000000002,0.0,27.0,270.0,0.0,0.0,436.98,18.3,7.99,0.001414007076832,0.0383332587650481,0.0,0.1148499651364465,0.0020999844877115,1.2246467991473532e-16,-1.0,41,100.0,100.0,50.0,100.0,12.200778982319694,81.22007789823196,Excellent
2018-07,4278.91,1205.18,16207.61,42,3073.73,2018,7,0.7183441560623053,0.281655841600651,2.5504322794069574,3804.79,3234.03,3675.18,5146.879999999999,1443.53,2070.1,1631.35,1616.99,16407.86,18206.15,2361.26,1163.9299999999998,2043.8300000000004,3529.8899999999994,523.1843152592918,446.74513498565096,2673.5084676781307,202.22058854978707,262.22067424217454,2199.6399999999994,965.1035065214538,525.1433333333333,0.1246113448452835,-0.165116068491018,0.0238010412449886,-0.1686400301374034,-0.254676898096606,10.304044810212456,4.296164502167402,8.5,94.02,100.55,27.0,542.13,36.2,0.0,75.1,17.95,11.49,0.0019864872082224,0.0219728855667146,0.0084600984632532,0.0175511987455889,0.0026852632967618,-0.4999999999999997,-0.8660254037844388,42,100.0,100.0,66.66666666666666,100.0,37.79548339162116,87.11288167249545,Excellent
2018-08,3527.6800000000003,4719.09,13898.81,53,-1191.41,2018,8,-0.3377318794852937,1.3377318766505697,-0.252466046944504,4278.91,3804.79,3234.03,3436.08,1205.18,1443.53,2070.1,2470.78,15891.93,18287.0,3073.73,2361.26,1163.9299999999998,965.2999999999996,379.8960909248748,1963.571046342185,2450.8847627635755,1238.6276535074594,957.4530442533608,1414.526666666666,2284.750053776855,595.5516666666666,-0.1755657394627001,2.9156723235062616,-0.1424516013511853,0.0266582849448841,0.9099596042142172,5.659278187548745,3.590996926486781,7.78,139.67000000000002,0.0,27.0,550.0,139.46,0.0,98.6,19.0,7.99,0.0022054154509325,0.0395925933202768,0.039533064111447,0.0279503809077059,0.0022649446597623,-0.8660254037844385,-0.5000000000000004,43,0.0,94.32130312581242,66.66666666666666,0.0,0.0,41.62972427107706,Fair
2018-09,3601.7,1178.07,16170.49,45,2423.63,2018,9,0.672912789313622,0.3270872079099114,2.0572885986631646,3527.6800000000003,4278.91,3804.79,3360.97,4719.09,1205.18,1443.53,1840.32,15830.82,16839.11,-1191.41,3073.73,2361.26,1520.65,414.0126522623846,2036.6279761982407,1352.1123731702207,1322.400932445754,924.2460192106296,1435.3166666666664,2297.918022587696,1645.8283333333336,0.0209826287503892,-0.7503607671174723,0.1634442084153649,0.0716251556198801,-0.3598558926716229,6.83035025007103,4.252299851461612,4.38,297.39,0.0,40.0,420.0,91.86,0.0,0.0,30.93,7.99,0.0012160923974342,0.0825693420257952,0.0255046227461903,0.0,0.0022183968619862,-1.0,-1.8369701987210292e-16,44,100.0,100.0,83.33333333333334,100.0,71.456247988761,93.81229146554277,Excellent
2018-10,5355.610000000001,5068.53,15652.21,57,287.08000000000084,2018,10,0.0536036043445965,0.9463963937882024,0.0566396962104602,3601.7,3527.6800000000003,4278.91,4566.32,1178.07,4719.09,1205.18,3044.59,16207.61,16817.03,2423.63,-1191.41,3073.73,1521.7299999999996,1034.650289824216,2152.3866584793736,1798.2556756775912,1190.4869970450711,863.6520866124451,506.4333333333331,1817.4750243217504,1353.0366666666666,0.48696726410593,3.3024013572843605,-0.0320509767904059,0.1728503473850929,0.664766025426195,4.282140920592847,3.761046655797769,6.8,190.21,12.25,22.4,320.0,57.35,0.0,1251.83,68.49000000000001,35.99,0.0012696966334932,0.0355160289201117,0.0107083973427706,0.2337418142214578,0.0067200561528564,-0.8660254037844386,0.5000000000000001,45,17.8678681148655,71.36901534321413,83.33333333333334,10.72072124235952,15.732146833658826,46.08301851169239,Fair
2018-11,3251.36,1780.82,15651.7,65,1470.5400000000002,2018,11,0.4522845810605883,0.5477154158637757,0.8257656538798664,5355.610000000001,3601.7,3527.6800000000003,4431.74,5068.53,1178.07,4719.09,899.27,13898.81,18236.89,287.08000000000084,2423.63,-1191.41,3532.47,1127.4459681214594,2093.960506560079,1819.5098316964388,299.3764304351304,853.4002069994463,1393.7499999999998,1070.34293742707,1404.1383333333335,-0.392905756033569,-0.6486515801452264,-3.258325818990205e-05,-0.2663468518768094,0.9802951173696984,5.849338869091168,3.8460454647900737,10.6,98.17,0.0,29.0,380.0,116.66,0.0,284.56,79.81,316.64,0.0032601741939982,0.030193518926869,0.0358803699501735,0.0875202989286935,0.0973869393195864,-0.5000000000000004,0.8660254037844384,46,100.0,97.48898115151947,83.33333333333334,90.45691682724485,100.0,94.95905269484699,Excellent
2018-12,4707.43,1693.37,18948.88,54,3014.0600000000004,2018,12,0.6402771774826664,0.3597228203930322,1.7799181408675122,3251.36,5355.610000000001,3601.7,3180.97,1780.82,5068.53,1178.07,1320.57,16170.49,20345.62,1470.5400000000002,287.08000000000084,2423.63,1860.4,1077.6629977100142,1923.9018327433807,1791.3283325510158,1903.480553328592,1635.760894209998,1590.5599999999995,1367.4460063929428,1512.9383333333335,0.4478341357221774,-0.0491065910698072,0.2106595448349639,0.4798724902156498,0.2823023370037004,6.65439576626275,4.269560766682177,9.73,72.23,69.64,29.0,360.0,12.98,0.0,424.9,90.5,107.0,0.0020669452289955,0.015343828765709,0.0027573431729046,0.0902615650359929,0.0227300246148534,-2.4492935982947064e-16,1.0,47,100.0,100.0,83.33333333333334,100.0,100.0,96.66666666666667,Excellent
2019-01,3420.4700000000003,13348.73,5005.05,132,-9928.259999999998,2019,1,-2.9026010960405983,3.902601093117024,-0.7437606418410135,4707.43,3251.36,5355.610000000001,3238.07,1693.37,1780.82,5068.53,13789.57,15652.21,16183.16,3014.0600000000004,1470.5400000000002,287.08000000000084,-10551.5,796.3462478302606,6704.123184033837,4579.823778285579,7287.580156720975,4801.794783007708,-1814.5533333333333,7068.931347957296,-654.0599999999996,-0.2733890885825406,6.882937533539998,-0.7358656549960391,0.0563298506322289,-0.0319690896583656,0.8925412457066766,1.3195190162114607,2408.84,0.0,79.21,1766.5,680.0,162.52,0.0,317.36,21.78,7.99,0.7042423973774293,0.0,0.0475139380040931,0.0927825705450345,0.002335936282628,0.4999999999999999,0.8660254037844387,48,0.0,14.875687428444609,66.66666666666666,0.0,0.0,17.796039561866714,Poor
2019-02,3703.06,10769.52,6269.39,83,-7066.46,2019,2,-1.90827585319094,2.9082758504904707,-0.656153662692345,3420.4700000000003,4707.43,3251.36,4404.83,13348.73,1693.37,1780.82,6018.69,15651.7,16288.76,-9928.259999999998,3014.0600000000004,1470.5400000000002,-1613.8599999999997,676.3729551315122,6122.03996197618,5223.811815232243,7711.446225845048,5808.821196711089,-4660.22,6798.41194315261,-1633.2349999999997,0.0826173008895931,-0.1932176317947717,0.2526128605056636,-0.1593182934203628,0.7893461853171603,0.7286706521380634,1.589741656831546,911.0,47.77,82.59,623.5,410.0,419.24,0.0,0.0,80.97999999999999,7.99,0.2460127563528196,0.0129001420098509,0.113214476370314,0.0,0.0021576749980889,0.8660254037844386,0.5000000000000001,49,0.0,12.144510868967723,66.66666666666666,0.0,0.0,16.976686594023647,Poor
2019-03,3613.83,5078.91,6244.57,79,-1465.08,2019,3,-0.4054092184596142,1.405409215692467,-0.2884634689560093,3703.06,3420.4700000000003,4707.43,3449.0,10769.52,13348.73,1693.37,7327.03,18948.88,16452.72,-7066.46,-9928.259999999998,3014.0600000000004,-3878.03,144.45713931821382,4231.3372438785,4781.468565601993,722.9086501070822,6113.510651794112,-6153.266666666667,4304.857195788658,-2281.353333333333,-0.0240962878697717,-0.5283995939202494,-0.0039589178469374,0.0477906638220044,-0.3068255482687725,0.6416278151967919,1.7447221614678403,307.14,97.85,84.0,267.5,290.0,38.59,21.15,505.51,67.95,7.99,0.0849901625560965,0.0270765364528034,0.0106784214789339,0.1398820637941406,0.0022109507026867,1.0,6.123233995736766e-17,50,0.0,10.693796919946532,50.0,0.0,0.0,13.20813907598396,Poor
2019-04,4323.6,9819.33,6242.57,75,-5495.73,2019,4,-1.271100468889119,2.2711004665762315,-0.5596848251767841,3613.83,3703.06,3420.4700000000003,3675.18,5078.91,10769.52,13348.73,1631.35,5005.05,16407.86,-1465.08,-7066.46,-9928.259999999998,2043.8300000000004,386.6103416016373,3048.4281464551486,4929.805190860991,14.940687166103796,5977.718472202146,-4675.756666666667,2889.313357293283,-3245.155,0.1964038147992468,0.9333538083302249,-0.0003202782572374,0.1764321742705605,5.019143623262061,0.7296199581931342,1.6088420634985927,10.71,47.7,85.52,41.0,900.0,106.23,42.88,304.9,46.74,13.94,0.0024771024089251,0.0110324729137004,0.0245698028851655,0.0705199369263578,0.0032241650401883,0.8660254037844387,-0.4999999999999998,51,0.0,12.160332636552235,33.33333333333333,0.0,100.0,20.314766457632338,Poor
2019-05,9265.85,7816.56,6232.81,81,1449.29,2019,5,0.1564119857795971,0.843588013141171,0.1854127644572385,4323.6,3613.83,3703.06,3234.03,9819.33,5078.91,10769.52,2070.1,6269.39,15891.93,-5495.73,-1465.08,-7066.46,1163.9299999999998,3078.823871648609,2379.6847470410808,4192.443868073447,6.292259768543293,5310.131295289861,-1837.173333333334,3487.429681962544,-3248.6966666666667,1.1430867768917412,-0.2039619809050495,-0.0015634586371261,1.8651094706446456,2.775933516371511,0.8231826815690438,1.0869107500077124,13.65,145.7,14.9,29.0,670.0,87.11,0.0,94.83,27.14,7.99,0.0014731514092359,0.015724407349866,0.0094011882240688,0.0102343551749333,0.0008623062095087,0.4999999999999999,-0.8660254037844387,52,52.13732859319904,13.719711359484062,33.33333333333333,31.28239737176579,44.16530157772081,33.968548547420255,Poor
2019-06,9268.79,12220.2,6195.06,70,-2951.4100000000017,2019,6,-0.3184245189302763,1.3184245178513867,-0.2415189602121742,9265.85,4323.6,3613.83,3804.79,7816.56,9819.33,5078.91,1443.53,6244.57,15830.82,1449.29,-5495.73,-1465.08,2361.26,2854.2584513378115,2204.8170626834262,3020.0407644097527,25.09156630544976,503.4715841734429,-2332.616666666668,3513.617024112528,-4242.941666666667,0.0003172941496816,0.5633731455226172,-0.0060566582230861,1.4360845107454434,7.465497721103838,0.6224920939521966,0.8130625969282028,7.010000000000001,170.81,54.35,29.0,550.0,39.74,0.0,280.31,134.57,25.99,0.0007563015228996,0.0184285111450054,0.0042875067788918,0.0302423509106988,0.0028040337489531,1.2246467991473532e-16,-1.0,53,0.0,10.37486823253661,16.666666666666664,0.0,42.07151174208722,10.652944977303038,Poor
2019-07,6242.82,2431.48,4709.47,88,3811.34,2019,7,0.6105157595277203,0.3894842388704396,1.567497978319797,9268.79,9265.85,4323.6,4278.91,12220.2,7816.56,9819.33,1205.18,6242.57,16207.61,-2951.4100000000017,1449.29,-5495.73,3073.73,1746.196507908924,4902.553264956263,3697.621940240328,868.8083281328355,624.0296434759996,769.7399999999985,3432.2060023401914,-1953.008333333334,-0.326468718865711,-0.8010278057633854,-0.2398023582664214,0.4589743638941357,1.017524344765725,0.6288169425435856,0.5702122002373784,16.91,278.93,30.93,29.0,560.0,62.650000000000006,0.0,380.91,88.63,109.33,0.0027087117637402,0.0446801284600867,0.0100355287994279,0.0610156947324835,0.0175129188131118,-0.4999999999999997,-0.8660254037844388,54,100.0,10.480282375726425,33.33333333333333,100.0,0.0,49.81075137938459,Fair
2019-08,5507.31,4915.32,5883.13,97,591.9900000000007,2019,8,0.1074916790456836,0.8925083191385479,0.120437733208748,6242.82,9268.79,9265.85,3527.6800000000003,2431.48,12220.2,7816.56,4719.09,6232.81,13898.81,3811.34,-2951.4100000000017,1449.29,-1191.41,1993.5814167556136,5088.381736832774,3598.9025326266683,783.3428122048276,608.2140876287862,483.97333333333216,3382.668708406629,-676.6000000000003,-0.1178169479212647,1.021534205415902,0.2492127558956469,0.561170512741602,0.0415821693555702,0.9019977499330538,0.8396906203938775,18.16,89.02,31.4,29.0,260.0,149.81,0.0,475.96,44.21,18.35,0.0032974355841646,0.0161639711289831,0.0272020278008646,0.0864233172158035,0.0033319351855407,-0.8660254037844385,-0.5000000000000004,55,35.830559681894535,15.033295832217563,50.0,21.498336172290422,0.0,27.40899027146267,Poor
2019-09,3748.36,2012.54,6012.07,78,1735.8200000000002,2019,9,0.4630878558540592,0.5369121414781073,0.8625021074736299,5507.31,6242.82,9268.79,3601.7,4915.32,2431.48,12220.2,1178.07,6195.06,16170.49,591.9900000000007,3811.34,-2951.4100000000017,2423.63,1281.7443032966132,1569.0285528313275,4114.987189597312,717.7360330926905,590.3869039791763,2046.3833333333323,1631.9898264490982,-143.11666666666687,-0.319384599161143,-0.5905576837508897,0.021916904739625,0.040719660047423,0.7083365104931243,1.9270813905881767,1.163739820142982,11.68,82.33,26.5,133.3,1110.0,77.5,0.0,97.35,118.87,65.89,0.0031160294018823,0.0219642723165216,0.0206757087881748,0.0259713580713395,0.0175783542200366,-1.0,-1.8369701987210292e-16,56,100.0,32.11802317646961,66.66666666666666,92.61757170437855,20.461948761655226,64.27669233287759,Good
2019-10,6429.1,3996.6,5972.07,85,2432.5000000000005,2019,10,0.3783577788829576,0.6216422195616148,0.6086423444711947,3748.36,5507.31,6242.82,5355.610000000001,2012.54,4915.32,2431.48,5068.53,4709.47,15652.21,1735.8200000000002,591.9900000000007,3811.34,287.08000000000084,1361.9819415224715,1483.6145192513131,3864.7662429440657,65.99980706777296,566.9510393824004,1586.7699999999995,929.263790266266,1178.255,0.7151767687330546,0.9858487235739476,-0.006653282469011,0.2004421528071645,-0.2114873539044114,1.6400087465009463,1.142267943089504,11.5,30.78,12.5,65.11,315.0,134.91,0.0,436.13,18.39,25.99,0.0017887418117796,0.0047876063449198,0.0209842745936689,0.0678368666409966,0.004042556494622,-0.8660254037844386,0.5000000000000001,57,100.0,27.333479108349106,83.33333333333334,75.67155608767703,100.0,72.4338660079391,Good
2019-11,3981.51,3191.13,5969.07,59,790.3799999999997,2019,11,0.1985126241086606,0.8014873733797293,0.2476802880243665,6429.1,3748.36,5507.31,3251.36,3996.6,2012.54,4915.32,1780.82,5883.13,15651.7,2432.5000000000005,1735.8200000000002,591.9900000000007,1470.5400000000002,1485.004078456797,997.8602434375788,3786.455405234556,24.006943432775472,539.4112327251979,1652.899999999999,824.194345042495,1068.4366666666665,-0.3807049192255449,-0.201538807482513,-0.0005023383843418,0.2245675648818723,0.7919441561081741,1.946378741233532,1.2647254681702296,4.7,127.33,7.0,19.95,380.0,195.4,0.0,112.2,93.42,13.94,0.0011804566579502,0.0319803289908091,0.0490768576518033,0.0281802631961736,0.0035011842152821,-0.5000000000000004,0.8660254037844384,58,66.17087470288688,32.439645687225536,83.33333333333334,39.702525324054136,64.60787027550316,56.68086234365612,Fair
2019-12,9880.96,1513.89,11220.33,71,8367.07,2019,12,0.8467871534276152,0.1532128455603374,5.526867833680995,3981.51,6429.1,3748.36,4707.43,3191.13,3996.6,2012.54,1693.37,6012.07,18948.88,790.3799999999997,2432.5000000000005,1735.8200000000002,3014.0600000000004,2963.937262330854,1266.6073373780723,1280.967506207706,3030.9507203515736,2305.163144109352,3863.3166666666657,3985.848101625719,2954.85,1.481711708669043,-0.5255943802803571,0.8797450844440675,1.0990136845390928,-0.105989830302947,3.868358981884892,1.6588657235607709,13.69,116.36,41.55,19.95,350.0,84.16,0.0,370.33,67.44,7.99,0.0013854929061695,0.0117761836787354,0.0085173910141146,0.0374791517853739,0.0008086258816869,-2.4492935982947064e-16,1.0,59,100.0,64.47264969808153,100.0,100.0,100.0,89.34179490942446,Excellent
2020-01,7774.75,14471.67,4019.56,81,-6696.92,2020,1,-0.8613678885348496,1.8613678872486343,-0.4627606900497588,9880.96,3981.51,6429.1,3420.4700000000003,1513.89,3191.13,3996.6,13348.73,5972.07,5005.05,8367.07,790.3799999999997,2432.5000000000005,-9928.259999999998,2989.6571867077537,7047.077162881074,4797.388883371521,3724.4106786756247,2433.611736984787,820.1766666666657,7532.039203365404,1203.4733333333334,-0.2131584378307791,8.559261184370984,-0.6417609815025397,1.2730063375120777,0.0841233584886927,0.6288196754046401,0.5573118904961286,2106.4700000000003,170.84,110.65,1097.47,340.0,35.8,0.0,98.2,54.49,7.99,0.2709373288260879,0.0219736968751745,0.0046046496612693,0.012630631193761,0.0010276857763559,0.4999999999999999,0.8660254037844387,60,0.0,10.48032792341067,83.33333333333334,0.0,0.0,19.81076504368987,Poor
2020-02,13690.3,17614.64,3507.49,91,-3924.3399999999983,2020,2,-0.2866511323443231,1.2866511316138791,-0.2227885439482222,7774.75,9880.96,3981.51,3703.06,14471.67,1513.89,3191.13,10769.52,5969.07,6269.39,-6696.92,8367.07,790.3799999999997,-7066.46,2998.358539884779,8534.405598437028,7026.9439346316585,4312.795016834558,2731.5443267847795,-751.3966666666671,8017.582286913765,450.7516666666669,0.7608669079251847,0.2171808780761439,-0.1273945403790601,2.69702353540849,0.6356012146914614,0.3131668856317817,0.3356876996443684,905.67,117.18,106.63,444.0,200.0,8.9,77.47,0.0,47.93,91.51,0.0661541382831975,0.0085593449314044,0.000650095322491,0.0,0.0066842947147364,0.8660254037844386,0.5000000000000001,61,0.0,5.219448093863028,66.66666666666666,0.0,0.0,14.89916776149224,Poor
2020-03,93996.75,18153.25,3501.48,102,75843.5,2020,3,0.8068736418219913,0.193126358071622,4.177957112815635,13690.3,7774.75,9880.96,3613.83,17614.64,14471.67,1513.89,5078.91,11220.33,6244.57,-3924.3399999999983,-6696.92,8367.07,-1465.08,48163.52860724423,1988.399375100477,7728.942950812871,297.3938722181182,2935.469852549466,21740.746666666662,46874.86254539562,12802.031666666668,5.86593792256858,0.0305774060494126,-0.001713476013578,25.01028541738188,2.57424131836508,0.2090870221340988,0.0909776220123943,611.18,199.34,241.92,256.15,170.0,55.72,0.0,0.0,44.96,82.53,0.0065021397009468,0.0021207116201229,0.00059278645266,0.0,0.0008780090800077,1.0,6.123233995736766e-17,62,100.0,3.48478370223498,66.66666666666666,100.0,0.0,54.378768444003825,Fair
2020-04,3587.85,3341.99,3486.52,59,245.86000000000013,2020,4,0.0685257185542157,0.9314742786585996,0.0735669464194478,93996.75,13690.3,7774.75,4323.6,18153.25,17614.64,14471.67,9819.33,4019.56,6242.57,75843.5,-3924.3399999999983,-6696.92,-5495.73,49539.47013378154,8400.11965730449,7831.585078249271,10.798631065033476,3061.778663932146,24055.006666666668,44898.59322197671,12437.591666666667,-0.9618300631711384,-0.8159012844444377,-0.004272479053793,-0.1701706906971721,-0.6596519307736354,0.2674403499058752,0.0939974782918706,11.55,332.16,130.0,222.99,0.0,18.0,23.94,0.0,19.59,16.189999999999998,0.0032191981180394,0.092579120942684,0.0050169321320096,0.0,0.0045124517342908,0.8660254037844387,-0.4999999999999998,63,22.841906184738566,4.4573391650979195,66.66666666666666,13.70514426828009,0.0,22.89362136511229,Poor
2020-05,3680.22,4995.75,3242.38,52,-1315.5300000000002,2020,5,-0.357459607421677,1.357459604704448,-0.2633298298286948,3587.85,93996.75,13690.3,9265.85,3341.99,18153.25,17614.64,7816.56,3507.49,6232.81,245.86000000000013,75843.5,-3924.3399999999983,1449.29,52170.95827288684,8116.117207704678,7560.930533997561,145.46531728516908,3141.1018299804905,24924.61,44103.96245018241,12086.606666666668,0.0257452233907626,0.4948428915261779,-0.0700239778632447,-0.6028189528183395,-0.3608761394259417,0.3671867298649238,0.0960564586706252,7.51,113.47,155.59,0.0,80.0,0.0,0.0,0.0,19.44,7.99,0.0020406388693049,0.0308323958055975,0.0,0.0,0.0021710658542938,0.4999999999999999,-0.8660254037844387,64,0.0,6.119778831082063,50.0,0.0,0.0,11.83593364932462,Poor
2020-06,12255.86,85466.43,4536.88,67,-73210.56999999999,2020,6,-5.973515521576196,6.97351552076026,-0.8566003048382154,3680.22,3587.85,93996.75,9268.79,4995.75,3341.99,18153.25,12220.2,3501.48,6195.06,-1315.5300000000002,245.86000000000013,75843.5,-2951.4100000000017,4978.027236208554,46944.4510514175,30762.90940054169,687.8215271417115,475.9126804958979,-24760.08,41966.61733584326,-1509.6666666666642,2.3301976448956925,16.107827621262416,0.3992437641508898,0.3222718388028298,5.993865070953122,0.1450963213644671,0.6971260386144711,11.88,210.48,212.17,100.39,180.0,10.55,0.0,0.0,69.21000000000001,25.99,0.0009693322206933,0.0171738254050112,0.0008608127044035,0.0,0.0021206182168198,1.2246467991473532e-16,-1.0,65,0.0,2.4182720227411183,33.33333333333333,0.0,100.0,17.392148273489003,Poor
2020-07,3924.85,2683.15,3261.56,66,1241.6999999999998,2020,7,0.3163687776185872,0.6836312198335447,0.4627769581917634,12255.86,3680.22,3587.85,6242.82,85466.43,4995.75,3341.99,2431.48,3486.52,4709.47,-73210.56999999999,-1315.5300000000002,245.86000000000013,3811.34,4882.061942571073,47141.54202325305,31850.94126905749,741.905118012328,479.7173676136026,-24428.13333333333,42266.17384707579,-186.5633333333316,-0.679757274740608,-0.9686058021882268,-0.2811006676810922,-0.371301750857302,0.1035048608110909,0.1050474564516393,0.4926597085443741,11.39,373.24,159.17,43.2,40.0,8.1,0.0,0.0,16.44,25.99,0.0029020217259206,0.0950966276543138,0.0020637731325687,0.0,0.0066219091006741,-0.4999999999999997,-0.8660254037844388,66,100.0,1.750790940860655,50.0,63.273756033291065,0.0,46.852612885587305,Fair
2020-08,3665.25,3264.83,3192.72,63,400.4200000000001,2020,8,0.1092476635720683,0.8907523336996048,0.1226465080183455,3924.85,12255.86,3680.22,5507.31,2683.15,85466.43,4995.75,4915.32,3242.38,5883.13,1241.6999999999998,-73210.56999999999,-1315.5300000000002,591.9900000000007,4886.575146122368,47627.92045593425,32775.26122465357,756.9617068250893,506.9056591386519,-23856.15,42744.25128788548,534.2300000000015,-0.0661426549647944,0.2167899662084118,-0.0211064643265601,-0.3344754511104779,-0.3357848515746994,0.1047773539954661,0.4826251784001001,8.48,331.44,187.46,199.95,40.0,20.68,0.0,0.0,40.57,7.99,0.002313621165504,0.0904276649875788,0.0056421799177622,0.0,0.0021799331500445,-0.8660254037844385,-0.5000000000000004,67,36.415887857356104,1.7462892332577684,66.66666666666666,21.849533260079035,34.68409012921335,30.435348799446732,Poor
2020-09,4655.42,7068.51,3403.75,77,-2413.09,2020,9,-0.5183399123637826,1.5183399102157489,-0.3413859493140903,3665.25,3924.85,12255.86,3748.36,3264.83,2683.15,85466.43,2012.54,4536.88,6012.07,400.4200000000001,1241.6999999999998,-73210.56999999999,1735.8200000000002,513.4136269139215,2381.796083295145,33186.39404183507,107.61861874014564,509.8340483629202,-256.99000000000007,1914.030672977821,-12508.534999999998,0.2701507393215995,1.16504687482948,0.0660972460281602,0.2419884956567979,2.512233284743492,0.784485677511021,0.8338763870365423,10.53,480.26,224.1,94.25,50.0,5.75,0.0,0.0,16.63,7.99,0.0022618796966506,0.1031614760791475,0.001235119492473,0.0,0.0017162790860625,-1.0,-1.8369701987210292e-16,68,0.0,13.07476129185035,50.0,0.0,0.0,13.922428387555104,Poor
2020-10,7672.85,7471.85,2804.3,82,201.0,2020,10,0.0261962634142512,0.973803735282452,0.02690096826502,4655.42,3665.25,3924.85,6429.1,7068.51,3264.83,2683.15,3996.6,3261.56,5972.07,-2413.09,400.4200000000001,1241.6999999999998,2432.5000000000005,2087.5096085130253,2321.266966493396,32867.76326997726,304.067991244607,588.9066301688167,-603.89,1569.982663630377,-12516.011666666664,0.6481541930735484,0.0570615305671753,-0.1761145789904822,0.1934563155131257,0.8695516167003163,0.4724970632621773,0.5260192868248784,18.43,232.56,242.56,120.6,80.0,44.21,0.0,0.0,44.15,30.99,0.0024019757946499,0.0303094677592948,0.0057618746544479,0.0,0.0040389164338688,-0.8660254037844386,0.5000000000000001,69,8.732087804750401,7.874951054369621,50.0,5.239252943509598,0.0,15.506036952086966,Poor
2020-11,9783.31,8148.39,3076.75,81,1634.9199999999992,2020,11,0.1671131752268779,0.8328868237509731,0.2006433170225733,7672.85,4655.42,3665.25,3981.51,7471.85,7068.51,3264.83,3191.13,3192.72,5969.07,201.0,-2413.09,400.4200000000001,790.3799999999997,2577.2783147021864,545.6693659474313,32633.22186903013,300.1383861368988,601.9012479026701,-192.3900000000004,2052.477285891352,-12024.27,0.2750555526628884,0.0905451794528193,0.0971543697280804,1.457185837892694,1.553449713570272,0.4068205603127269,0.4174396396583517,16.31,321.62,150.71,19.95,40.0,25.78,0.0,0.0,30.61,7.99,0.0016671249284065,0.0328743543515698,0.0026350999788056,0.0,0.0008166970066197,-0.5000000000000004,0.8660254037844384,70,55.704391742292636,6.780342671878782,66.66666666666666,33.422635249805374,13.676739696319377,36.78869115219723,Poor
2020-12,4665.29,5296.53,2596.04,76,-631.2399999999998,2020,12,-0.1353056291563747,1.1353056270128854,-0.119179915682192,9783.31,7672.85,4655.42,9880.96,8148.39,7471.85,7068.51,1513.89,3403.75,11220.33,1634.9199999999992,201.0,-2413.09,8367.07,2572.0804577100894,1490.1246555015002,2288.6350585330174,241.0682248510797,302.3983662435899,401.5599999999998,1146.3151929552032,72.2849999999991,-0.5231378740700868,-0.3499906112127788,-0.1562395379662321,-0.5278505322075481,2.498622736799749,0.3723385584308592,0.3520619122814349,13.96,253.79,173.92,1117.52,40.0,51.3,0.0,0.0,58.05,12.99,0.002992311296849,0.0543996191996647,0.0109961009690799,0.0,0.0027843928184863,-2.4492935982947064e-16,1.0,71,0.0,6.20564264051432,66.66666666666666,0.0,0.0,15.195026125487628,Poor
2021-01,13955.82,19540.95,1489.24,157,-5585.130000000001,2021,1,-0.4002007761634926,1.4002007754469457,-0.2858167078438783,4665.29,9783.31,7672.85,7774.75,5296.53,8148.39,7471.85,14471.67,2804.3,4019.56,-631.2399999999998,1634.9199999999992,201.0,-6696.92,4653.2769116936015,7536.876341801037,5706.03910816833,814.0716946515411,684.9330282493268,-1527.1500000000003,3692.46144823476,-1065.5200000000011,1.991415320395055,2.6893871974870587,-0.4263416571919475,0.7950184883179285,0.3502899110121431,0.1354434488445111,0.1572896047615587,2718.89,320.03000000000003,235.02,10603.38,30.0,93.66,0.0,0.0,376.43,46.14,0.194821228566418,0.0229316514379437,0.0067111785572534,0.0,0.0033061475403765,0.4999999999999999,0.8660254037844387,72,0.0,2.2573908140751846,50.0,0.0,0.0,10.677217244222556,Poor
2021-02,5257.52,6057.9400000000005,1471.57,88,-800.4200000000001,2021,2,-0.1522428822862435,1.1522428803842062,-0.132127422635207,13955.82,4665.29,9783.31,13690.3,19540.95,5296.53,8148.39,17614.64,3076.75,3507.49,-5585.130000000001,-631.2399999999998,1634.9199999999992,-3924.3399999999983,5201.363714511236,8013.268215742782,5296.13728152035,644.1727575990848,815.6410630521208,-2338.9300000000003,2812.564007822746,-1265.660000000001,-0.6232740171317243,-0.6899874362863692,-0.0118651123266558,-0.6159675093928054,-0.6560849380651066,0.1428920531170392,0.1848812094518641,315.96000000000004,123.25,152.55,1324.48,0.0,91.76,14.99,0.0,36.88,44.99,0.0600967755517872,0.0234426116810918,0.0174530957229775,0.0,0.0085572665276456,0.8660254037844386,0.5000000000000001,73,0.0,2.38153421861732,33.33333333333333,0.0,0.0,7.3811269322518624,Poor
2021-03,4285.24,2352.63,1441.23,78,1932.61,2021,3,0.4509922420891427,0.5490077555772659,0.8214678856366368,5257.52,13955.82,4665.29,93996.75,6057.9400000000005,19540.95,5296.53,18153.25,2596.04,3501.48,-800.4200000000001,-5585.130000000001,-631.2399999999998,75843.5,5324.876662496587,9045.80220579875,5938.719884472558,24.28203930465923,759.6155733901156,-1484.3133333333335,3805.24457104051,-541.3766666666678,-0.1849312980551072,-0.6116452117194208,-0.0206174356597549,-0.9544107641004173,-0.8704017182210338,0.1546853264280239,0.1839979264483243,12.89,184.11,165.63,48.45,0.0,125.75,20.99,15.66,343.93,35.99,0.0030079995449309,0.0429637545552553,0.0293449141020224,0.003654404412228,0.008398596091704,1.0,6.123233995736766e-17,74,100.0,2.578088773800398,50.0,90.19844888454682,0.0,49.7932715205948,Fair
2021-04,6822.9800000000005,7326.01,1813.03,95,-503.02999999999975,2021,4,-0.0737258498871081,1.073725848421473,-0.0686635698440712,4285.24,5257.52,13955.82,3587.85,2352.63,6057.9400000000005,19540.95,3341.99,1489.24,3486.52,1932.61,-800.4200000000001,-5585.130000000001,245.86000000000013,1280.3721931275306,2584.306236542698,5942.322021157758,206.4585055956707,692.7992615181744,209.72000000000003,1499.4574575825511,-658.715000000001,0.5922048692903903,2.1139660630274792,0.2579740897846,0.9016904249015696,1.1921100865289542,0.3456335486891684,0.3323461077855093,619.9699999999999,306.92,168.11,2171.9300000000003,0.0,51.97,0.0,19.4,368.61,30.49,0.0908649884788391,0.0449832770358651,0.0076169063845754,0.0028433323813885,0.0044687218715741,0.8660254037844387,-0.4999999999999998,75,0.0,5.7605591448194735,33.33333333333333,0.0,100.0,18.39483441011251,Poor
2021-05,4163.18,3765.21,1802.51,78,397.97000000000025,2021,5,0.0955927918187713,0.9044072057792188,0.1056966275302131,6822.9800000000005,4285.24,5257.52,3680.22,7326.01,2352.63,6057.9400000000005,4995.75,1471.57,3242.38,-503.02999999999975,1932.61,-800.4200000000001,-1315.5300000000002,1501.6412682575735,2562.8495703285985,6201.949372242281,211.6873279142352,438.4564137822536,609.1833333333335,1231.4803516635006,-864.8733333333342,-0.3898296632998636,-0.4860490219286501,-0.0058024411851847,0.1312312847296323,-0.2463173692712458,0.4022307588922131,0.3540952361523598,409.78,306.9,161.26,58.45,40.0,23.44,29.95,0.0,108.65,7.99,0.0984295656242834,0.0737176867833778,0.0056303114310927,0.0,0.0019192059869637,0.4999999999999999,-0.8660254037844387,76,31.86426393959043,6.703845981536885,33.33333333333333,19.11855884415623,100.0,30.148955527420483,Poor
2021-06,4637.68,5056.53,1354.05,121,-418.84999999999945,2021,6,-0.0903145536338975,1.090314551477647,-0.082833484459039,4163.18,6822.9800000000005,4285.24,12255.86,3765.21,7326.01,2352.63,85466.43,1441.23,4536.88,397.97000000000025,-503.02999999999975,1932.61,-73210.56999999999,1418.6391589598145,1802.652834611669,6218.901627768076,262.0081685739353,196.0414732060414,-174.63666666666631,497.6749583144256,-829.4750000000008,0.1139753743196898,0.3429609494743693,-0.2487975087583563,-0.6215948936903695,-0.9408360685077362,0.2515613625708324,0.2599969016707862,24.59,667.53,268.84000000000003,50.45,40.0,93.61,107.95,0.0,30.1,49.99,0.0053022200641221,0.1439361919236855,0.0201846612526421,0.0,0.0107790964215316,1.2246467991473532e-16,-1.0,77,0.0,4.19268937618054,33.33333333333333,0.0,0.0,7.924473479520828,Poor
2021-07,4908.51,3733.23,1231.22,90,1175.2800000000002,2021,7,0.2394372218057268,0.7605627761569952,0.3148158556670341,4637.68,4163.18,6822.9800000000005,3924.85,5056.53,3765.21,7326.01,2683.15,1813.03,3261.56,-418.84999999999945,397.97000000000025,-503.02999999999975,1241.6999999999998,377.2744243927711,754.9451362848473,1799.1258320685697,300.71466115371334,238.81170170267703,384.8000000000004,797.1465993780115,297.2599999999994,0.0583977332235131,-0.2617012056455687,-0.0907130453771053,0.2506235900719172,0.3913608989756036,0.2941990296411724,0.2694259467734275,16.89,436.95,173.24,310.84,50.0,526.12,0.0,155.5,116.14,162.06,0.0034409627291358,0.0890188670512663,0.1071852759652414,0.0316796746228903,0.033016129063573,-0.4999999999999997,-0.8660254037844388,78,79.8124072685756,4.903317160686207,50.0,47.887444768600965,0.0,40.20346180563863,Fair
2021-08,5081.43,4716.81,1211.84,83,364.6199999999999,2021,8,0.0717553915497106,0.9282446064823396,0.0773022443615446,4908.51,4637.68,4163.18,3665.25,3733.23,5056.53,3765.21,3264.83,1802.51,3192.72,1175.2800000000002,-418.84999999999945,397.97000000000025,400.4200000000001,223.6680120943103,687.2605261472158,1678.195789229142,77.12163271601635,270.5460261522892,373.6833333333336,797.1036458537003,491.4333333333328,0.0352286130918983,0.2634662202343113,-0.0157404849195068,0.3863801912928717,0.4447337213737509,0.2691667826787258,0.2485380391713663,17.39,196.66,179.56,46.5,40.0,90.98,0.0,0.0,42.09,29.99,0.0034222649855999,0.0387017039717132,0.0179044087630757,0.0,0.0059018819389386,-0.8660254037844385,-0.5000000000000004,79,23.918463849903535,4.48611304464543,66.66666666666666,14.351078703532071,0.0,23.289814272051228,Poor
2021-09,5111.83,3761.36,1211.42,92,1350.4699999999998,2021,9,0.2641852325601883,0.7358147654835652,0.3590376875411082,5081.43,4908.51,4637.68,4655.42,4716.81,3733.23,5056.53,7068.51,1354.05,3403.75,364.6199999999999,1175.2800000000002,-418.84999999999945,-2413.09,109.66958618603256,559.9264260896069,1393.4579225759765,11.312241132893664,291.8235356343428,963.4566666666666,525.9533240062825,394.4099999999994,0.0059825678874202,-0.2025627485470843,-0.0003465804037942,0.0980384152277594,-0.4678708801885109,0.2976120666812682,0.2406512609303721,16.63,481.95,129.24,52.84,0.0,117.57,0.0,0.0,188.14,19.99,0.0032532380708019,0.094281304162538,0.02299959109947,0.0,0.0039105369233512,-1.0,-1.8369701987210292e-16,80,88.06174418672943,4.96020111135447,66.66666666666666,52.83704690328697,0.0,46.523621613087194,Fair
2021-10,5404.4400000000005,3688.31,1199.23,96,1716.1300000000006,2021,10,0.3175407621926773,0.6824592359569923,0.4652889793285029,5111.83,5081.43,4908.51,7672.85,3761.36,4716.81,3733.23,7471.85,1231.22,2804.3,1350.4699999999998,364.6199999999999,1175.2800000000002,201.0,178.36303438271796,573.8805414312984,603.9397568105804,7.162222614635802,236.0392652719641,1143.74,699.069230977822,764.2699999999995,0.0572417313227519,-0.0194211667603708,-0.0100625711143734,-0.2956411238384158,-0.5063725844250453,0.295705084061195,0.2306551602531365,22.2,195.36,127.98,49.5,40.0,216.83,0.0,18.29,29.12,42.99,0.0041077336336276,0.0361480559759233,0.0401207154855624,0.0033842544215788,0.0079545706716059,-0.8660254037844386,0.5000000000000001,81,100.0,4.928418067686583,83.33333333333334,63.50815280860154,24.017641249998846,56.89777149283268,Fair
2021-11,5205.53,4835.67,2896.66,89,369.8599999999997,2021,11,0.0710513625489596,0.9289486355300064,0.0764857815432281,5404.4400000000005,5111.83,5081.43,9783.31,3688.31,3761.36,4716.81,8148.39,1211.84,3076.75,1716.1300000000006,1350.4699999999998,364.6199999999999,1634.9199999999992,149.424167057662,642.380111797898,635.3779342221627,976.5117390143376,678.1096054966298,1145.486666666667,696.1496630992913,759.5849999999995,-0.0368049232912108,0.311080141552418,1.4154332245237924,-0.4679172994948363,-0.4065490232959529,0.7073455011240743,0.5527344186682172,23.58,159.63,215.7,46.5,0.0,127.92,0.0,0.0,331.8,18.99,0.0045297981098374,0.0306654653211767,0.0245738665907719,0.0,0.0036480435159377,-0.5000000000000004,0.8660254037844384,82,23.68378751631987,11.789091685401239,83.33333333333334,14.21027289399872,100.0,38.729557716582875,Poor
2021-12,5801.43,5089.32,3307.66,113,712.1100000000006,2021,12,0.1227473224312845,0.8772526758450025,0.1399224255108298,5205.53,5404.4400000000005,5111.83,4665.29,4835.67,3688.31,3761.36,5296.53,1211.42,2596.04,369.8599999999997,1716.1300000000006,1350.4699999999998,-631.2399999999998,303.38728225521083,746.50321635843,643.2920401080856,1117.710954719288,984.0121070749728,932.7000000000004,699.7182928149904,948.0783333333326,0.1144744144890638,0.0524539514639047,0.141887552761154,0.2435304123783722,-0.0391218400743093,0.7289180417777072,0.604639456832496,20.7,449.59,246.45,46.5,140.0,164.05,0.0,49.32,48.620000000000005,94.51,0.0035680857933852,0.077496410234207,0.0282775108408142,0.0085013522381527,0.016290811030572,-2.4492935982947064e-16,1.0,83,40.9157741437615,12.148634029628454,100.0,24.54946483099949,100.0,48.37426893511693,Fair
2022-01,4698.72,10479.27,1304.04,114,-5780.55,2022,1,-1.2302392965951594,2.2302392944669203,-0.551617621693479,5801.43,5205.53,5404.4400000000005,13955.82,5089.32,4835.67,3688.31,19540.95,1199.23,1489.24,712.1100000000006,369.8599999999997,1716.1300000000006,-5585.130000000001,551.9544863792753,3187.6354947672667,2541.294462856759,1058.2889152461332,975.3684152446164,-1566.1933333333334,3653.749492101679,-211.22666666666737,-0.1900755500108153,1.0590707578633871,-0.6057514962065281,-0.6633146596449977,-0.4637277100326608,0.1917305501031688,0.2490895009020506,1518.83,97.27,189.7,6288.31,40.0,162.02,0.0,6.12,20.55,318.47,0.3232433506928624,0.0207013824601138,0.0344817311214932,0.0013024823754075,0.0677780330222315,0.4999999999999999,0.8660254037844387,84,0.0,3.1955091683861467,83.33333333333334,0.0,100.0,27.62531941718251,Poor
2022-02,4541.57,2366.98,1367.01,88,2174.59,2022,2,0.4788189976620002,0.5211810001361182,0.9187192079412618,4698.72,5801.43,5205.53,5257.52,10479.27,5089.32,4835.67,6057.9400000000005,2896.66,1471.57,-5780.55,712.1100000000006,369.8599999999997,-800.4200000000001,686.5266062099972,4128.598332004881,2836.787007594406,1139.0479026945331,956.78004391124,-964.6166666666664,4234.338477369667,90.43499999999942,-0.0334452786430235,-0.774127395539835,0.0482883956911721,-0.136176371870813,-0.6092764196917163,0.2286534519471864,0.2726436864813793,16.73,66.74,184.23,61.45,80.0,208.69,0.0,40.7,78.48,37.97,0.0036837481230417,0.0146953586211478,0.0459510696830587,0.0089616586137356,0.0083605449032811,0.8660254037844386,0.5000000000000001,85,100.0,3.81089086578644,83.33333333333334,95.76379997277635,0.0,57.386313923680234,Fair
2022-03,5095.929999999999,4535.72,1626.45,96,560.2099999999991,2022,3,0.1099328285319207,0.890067169505729,0.1235107102653805,4541.57,4698.72,5801.43,4285.24,2366.98,10479.27,5089.32,2352.63,3307.66,1441.23,2174.59,-5780.55,712.1100000000006,1932.61,285.71166007163566,4199.969619616331,2784.283365977038,170.8910679335121,912.6760109207032,-1015.2500000000005,4205.070601500043,-41.275000000000695,0.12206351521156,0.9162477041789636,0.1897864668891488,0.189181935692792,0.9279359655877212,0.2807132903565362,0.3403512215765012,324.21,63.96,265.63,1079.05,90.0,108.43,0.0,569.6,26.3,63.84,0.0636213604511416,0.0125511927900281,0.0212777647627071,0.11177547550344,0.0125276445859192,1.0,6.123233995736766e-17,86,36.6442761773069,4.678554839275603,83.33333333333334,21.98656609885421,0.0,31.262172581526837,Poor
2022-04,5412.12,6024.21,1005.42,113,-612.0900000000001,2022,4,-0.1130961617386603,1.1130961598909557,-0.1016050235605913,5095.929999999999,4541.57,4698.72,6822.9800000000005,4535.72,2366.98,10479.27,7326.01,1304.04,1813.03,560.2099999999991,2174.59,-5780.55,-503.02999999999975,440.6715383376635,1839.1287312475283,2698.34355036377,311.9120342331341,947.340565534272,707.5699999999997,1399.1721062113572,-429.31166666666746,0.0620475554765322,0.3281706094552339,-0.3818315940740165,-0.2067806146188607,-0.1776956348985387,0.2333318629896893,0.2004210069083055,320.74,416.93,204.16,1417.1,120.0,249.45,0.0,93.77,107.44,27.97,0.0592632830401704,0.0770363552969329,0.046090995679898,0.0173259277005574,0.0051680302632461,0.8660254037844387,-0.4999999999999998,87,0.0,3.888864383161488,66.66666666666666,0.0,0.0,14.49999264828178,Poor
2022-05,4756.92,3333.75,986.68,89,1423.17,2022,5,0.2991788798231232,0.7008211180746763,0.4268976365147427,5412.12,5095.929999999999,4541.57,4163.18,6024.21,4535.72,2366.98,3765.21,1367.01,1802.51,-612.0900000000001,560.2099999999991,2174.59,397.97000000000025,327.6662265693764,1347.7703422443597,2844.1670354235102,364.0822025762581,870.4440806087401,457.0966666666664,1021.5405457118478,-253.7600000000008,-0.1210616170353546,-0.4466079362329535,-0.0186389765606515,0.1426169415143785,-0.1145912177153698,0.2130493860236106,0.1939106329185503,17.72,235.78,245.56,128.5,90.0,119.8,0.0,17.46,170.44,31.99,0.0037250994262566,0.0495656852552372,0.0251843629382365,0.0036704422111987,0.006724939652706,0.4999999999999999,-0.8660254037844387,88,99.7262932743744,3.55082310039351,66.66666666666666,59.83577638506474,0.0,50.300045884270176,Fair
2022-06,4162.93,3111.63,783.19,112,1051.3000000000002,2022,6,0.252538475899094,0.7474615216987518,0.3378615055843352,4756.92,5412.12,5095.929999999999,4637.68,3333.75,6024.21,4535.72,5056.53,1626.45,1354.05,1423.17,-612.0900000000001,560.2099999999991,-418.84999999999945,624.8448895799849,1621.266714763534,2985.2441779391784,123.2514642215938,308.2131000084126,620.7933333333334,1083.777103205848,-197.2283333333341,-0.1248686122010279,-0.0666276713411993,-0.2062370757871135,-0.1023679941212675,-0.3846313571072823,0.1884239974487758,0.1639390813043726,22.99,328.97,255.18,59.25,80.0,309.27,9.99,244.08,31.29,37.97,0.0055225526119282,0.0790236682360172,0.0742914243710765,0.0586317808403413,0.0091209796726801,1.2246467991473532e-16,-1.0,89,84.17949196636468,3.140399957479597,66.66666666666666,50.50769566024964,0.0,44.58007047651158,Fair
2022-07,417.0,1847.18,541.43,84,-1430.18,2022,7,-3.429688167153761,4.429688143172947,-0.7742504749171685,4162.93,4756.92,5412.12,4908.51,3111.63,3333.75,6024.21,3733.23,1005.42,1231.22,1051.3000000000002,1423.17,-612.0900000000001,1175.2800000000002,2353.002383176497,801.8791951618811,1525.1454217799778,222.8989457865602,392.07154712730176,348.09666666666675,1551.2165392469424,527.8333333333325,-0.8998301655328576,-0.4063625803634668,-0.3086862663123091,-0.9150455007424952,-0.5052059463113552,0.1958731675289423,0.1739655231454972,26.91,82.50999999999999,254.97,56.25,80.0,205.16,0.0,417.67,27.33,45.370000000000005,0.0645323725531805,0.1978657026890718,0.4919903958755301,1.0016066906089525,0.1088009566234782,-0.4999999999999997,-0.8660254037844388,90,0.0,3.2645527921490385,66.66666666666666,0.0,0.0,14.312699170978044,Poor
2022-08,676.0799999999999,177.85,1423.72,14,498.2299999999999,2022,8,0.7369394045536118,0.2630605806552393,2.801405521427859,417.0,4162.93,4756.92,5081.43,1847.18,3111.63,3333.75,4716.81,986.68,1211.84,-1430.18,1051.3000000000002,1423.17,364.6199999999999,2091.9383728098487,1471.538964248017,2036.895849940892,455.9170653010988,401.7569784543836,39.78333333333334,1302.714764341474,248.43999999999923,0.6212949491296174,-0.9037180951303172,1.629555037039783,-0.8669508369357626,-0.9622944300018562,0.8315052923601804,0.8126240200496748,5.949999999999999,24.98,20.76,0.0,0.0,126.16,0.0,0.0,0.0,0.0,0.0088007335108162,0.0369482895966706,0.1866051327268203,0.0,0.0,-0.8660254037844385,-0.5000000000000004,91,100.0,13.85842153933634,66.66666666666666,100.0,100.0,67.49085979513423,Good
2022-09,50.0,256.18,1302.63,14,-206.18,2022,9,-4.123599175280165,5.1235989752802045,-0.8048247011935085,676.0799999999999,417.0,4162.93,5111.83,177.85,1847.18,3111.63,3761.36,783.19,1211.42,498.2299999999999,-1430.18,1051.3000000000002,1350.4699999999998,314.58639852091426,941.9907322439292,2206.001772625405,478.2823211236652,325.05821148956704,-379.3766666666667,975.8017708701212,120.70833333333272,-0.9260442414204793,0.4404273016346752,-0.0850518354377838,-0.9902187651189128,-0.9318916537319172,1.7130776862312878,3.418737006541922,3.83,180.26,19.86,0.0,0.0,52.23,0.0,0.0,0.0,0.0,0.076599984680003,3.605199278960144,1.0445997910800418,0.0,0.0,-1.0,-1.8369701987210292e-16,92,0.0,28.551294770521462,50.0,0.0,100.0,28.56538843115644,Poor
2022-10,14.5,198.77,1272.95,20,-184.27,2022,10,-12.70826709774683,13.708266408092133,-0.9270513192608884,50.0,676.0799999999999,417.0,5404.4400000000005,256.18,177.85,1847.18,3688.31,541.43,1199.23,-206.18,498.2299999999999,-1430.18,1716.1300000000006,372.13897780403255,40.55683953971438,1487.81477866022,79.86998121604643,342.641788033503,35.92666666666663,400.51628060949247,192.0116666666661,-0.7099998580000284,-0.224100233269567,-0.0227846739075204,-0.9973170189745524,-0.94610810656884,6.034844846641398,5.156566266038898,4.48,0.0,78.07,0.0,0.0,16.119999999999997,0.0,6.12,19.48,35.5,0.3089653041618592,0.0,1.111723371225261,0.422068674435397,2.4482741736040183,-0.8660254037844386,0.5000000000000001,93,0.0,100.0,50.0,0.0,100.0,50.0,Fair
2022-11,0.0,324.62,1344.78,27,-324.62,2022,11,-32462000.0,32462000.0,-0.9999999691947518,14.5,50.0,676.0799999999999,5205.53,198.77,256.18,177.85,4835.67,1423.72,2896.66,-184.27,-206.18,498.2299999999999,369.8599999999997,25.724501958970777,63.00550796121278,1224.976090597864,36.09495300985696,359.79575100343976,-238.35666666666668,75.50519209473873,-99.28666666666729,-0.9999993103453032,0.6331438027295968,0.0564279818026789,-0.999999998078966,-0.9328696934801805,5.175083500837019,62.54787788472207,8.09,16.97,86.63,0.0,40.0,102.28,0.0,45.65,0.0,0.0,808999.9999999999,1696999.9999999998,10228000.0,4564999.999999999,0.0,-0.5000000000000004,0.8660254037844384,94,0.0,86.25139168061699,33.33333333333333,0.0,0.0,32.542084170851766,Poor
2022-12,150.0,85.84,1291.58,12,64.16,2022,12,0.4277333048177796,0.5722666285155581,0.7474370051914019,0.0,14.5,50.0,5801.43,324.62,198.77,256.18,5089.32,1302.63,3307.66,-324.62,-184.27,-206.18,712.1100000000006,82.73501879113472,119.44824248790812,673.668815457387,37.27569761632398,325.23233833183895,-148.24333333333334,196.8779130153072,-263.8100000000006,14999999.999999998,-0.7355677180836758,-0.0395603738934222,-0.9741443041213214,-0.9831333046789488,6.3600607474979896,23.554646160248986,1.09,32.91,12.2,0.0,0.0,9.64,0.0,0.0,0.0,0.0,0.0072666661822222,0.2193999853733342,0.0642666623822225,0.0,0.0,-2.4492935982947064e-16,1.0,95,100.0,100.0,33.33333333333333,85.54667429688838,41.51716150006388,79.3730502463619,Good
